id,first_name,last_name,email,gender,company,city,title
1,Laura,Richards,lrichards0@reverbnation.com,Female,Meezzy,"Warner, NH",Biostatistician III
2,Margaret,Mendoza,mmendoza1@sina.com.cn,Female,Skipfire,"East Natchitoches, PA",VP Marketing
3,Craig,Mccoy,cmccoy2@bluehost.com,Male,Quatz,"Lyon, WV",Senior Sales Associate
4,James,Moore,jmoore3@apache.org,Male,Bubblemix,"Willow Run, IL",Physical Therapy Assistant
5,Benjamin,Cooper,bcooper4@biglobe.ne.jp,Male,Youtags,"Conyersville, AZ",Account Coordinator
6,Terry,Ruiz,truiz5@unc.edu,Male,Nlounge,"Mount Baker, NY",
7,Julia,Kennedy,jkennedy6@behance.net,Female,Divanoodle,"Farmington Lake, OK",VP Product Management
8,Jesse,Mcdonald,jmcdonald7@etsy.com,Male,Realblab,"Martins Corner, TX",Structural Engineer
9,Harry,Edwards,hedwards8@mapquest.com,Male,Jabberstorm,"Pickerel Narrows, MT",Marketing Manager
10,Peter,Ellis,pellis9@wordpress.com,Male,Photolist,"Willaha, OH",Research Associate
11,Betty,Wright,bwrighta@xrea.com,Female,Blogpad,"Center, MA",Paralegal
12,Maria,Armstrong,marmstrongb@last.fm,Female,Zooxo,"Spring City, MS",Health Coach IV
13,Lawrence,West,lwestc@1688.com,Male,Gabcube,"Mittenlane, TX",Electrical Engineer
14,Katherine,Porter,kporterd@washingtonpost.com,Female,Twiyo,"East Waterford, ME",Staff Scientist
15,Philip,Stewart,pstewarte@intel.com,Male,Jaxbean,"Coltman, WV",
16,Ralph,Carpenter,rcarpenterf@dot.gov,Male,Topicblab,"Scottsville, KS",Environmental Tech
17,Teresa,Carter,tcarterg@cocolog-nifty.com,Female,Voonte,"Hebron, AZ",Internal Auditor
18,Jane,Thompson,jthompsonh@last.fm,Female,Kanoodle,"Longview, MA",Software Consultant
19,Nicholas,Hart,nharti@oakley.com,Male,Riffpath,"Emerson, MT",Recruiting Manager
20,Billy,Rogers,brogersj@reference.com,Male,Eadel,"North Knoxville, AL",Clinical Specialist
21,Alan,Barnes,abarnesk@geocities.jp,Male,Plambee,"Momford Landing, IN",Recruiter
22,Andrew,Wallace,awallacel@xrea.com,Male,LiveZ,"Ipswich, IA",Structural Engineer
23,Donald,Williams,dwilliamsm@tuttocitta.it,Male,Rhybox,"Storms, TX",Sales Representative
24,Kathleen,Hanson,khansonn@ezinearticles.com,Female,Linklinks,"Kalauao, SD",Pharmacist
25,Wayne,Wilson,wwilsono@dot.gov,Male,Edgewire,"Farwell, FL",Staff Accountant IV
26,Alan,Martinez,amartinezp@friendfeed.com,Male,Dynabox,"Brentwood Village, MT",Engineer II
27,George,Watkins,gwatkinsq@altervista.org,Male,LiveZ,"Wilhelm Park, MT",Librarian
28,Maria,Alexander,malexanderr@google.com,Female,Trupe,"Bannister Acres, NC",Sales Associate
29,Alice,Carter,acarters@woothemes.com,Female,Mudo,"Bent Pine, VA",Payment Adjustment Coordinator
30,Steven,Gibson,sgibsont@clickbank.net,Male,Kamba,"Mitchell, AZ",Structural Engineer
31,Ann,Ryan,aryanu@cafepress.com,Female,Centidel,"Social Circle, MO",Database Administrator II
32,Christine,Griffin,cgriffinv@globo.com,Female,Leexo,"Kreutzberg, NY",Software Test Engineer III
33,George,Garcia,ggarciaw@canalblog.com,Male,Viva,"Cimarron, WA",Project Manager
34,Ruby,Carroll,rcarrollx@dailymail.co.uk,Female,Zooxo,"Brookhaven, DC",Biostatistician II
35,Harry,Hart,hharty@com.com,Male,Minyx,"Montverde Junction, NJ",Compensation Analyst
36,Heather,Mccoy,hmccoyz@goodreads.com,Female,Agimba,"Midland City, AK",Operator
37,Judy,Nichols,jnichols10@upenn.edu,Female,Mudo,"Sacramento, ME",Social Worker
38,Judy,,jstephens11@bravesites.com,Female,Twinte,"Del Rey Oaks, RI",Data Coordiator
39,Timothy,Elliott,telliott12@blogspot.com,Male,Leenti,"Coal Creek, OK",Nurse
40,Emily,Harrison,eharrison13@house.gov,Female,Podcat,"Rabbitown, TN",Graphic Designer
41,Jacqueline,Fernandez,jfernandez14@yellowpages.com,Female,Youspan,"Fairland, GA",Analyst Programmer
42,Jesse,Hunter,jhunter15@newyorker.com,Male,Npath,"Gaskil, DE",Web Developer III
43,Bobby,Duncan,bduncan16@last.fm,Male,Lajo,"Morgan Mill, OK",Design Engineer
44,Anne,,acarter17@latimes.com,Female,Dabjam,"Merrimac South, AL",Senior Developer
45,Pamela,Cook,pcook18@opensource.org,Female,Janyx,"Stanardsville, NH",Software Engineer II
46,Jane,Boyd,jboyd19@wisc.edu,Female,Gabcube,"Two Brooks, WI",Information Systems Manager
47,Dennis,Anderson,danderson1a@yelp.com,Male,Topiclounge,"Curriers, NM",Human Resources Manager
48,Tina,Turner,tturner1b@csmonitor.com,Female,Livepath,"Skookumchuck, VA",Food Chemist
49,Kathleen,Wagner,kwagner1c@google.ca,Female,Tagpad,"Edgerton, RI",GIS Technical Architect
50,Randy,Richards,rrichards1d@psu.edu,Male,Skimia,"Slater, MO",Legal Assistant
51,Judy,Hill,jhill1e@fema.gov,Female,Thoughtbeat,"Warner, NH",Professor
52,Mary,Simmons,msimmons1f@ftc.gov,Female,Devify,"East Natchitoches, PA",Programmer IV
53,Albert,Allen,aallen1g@theatlantic.com,Male,Gabspot,"Lyon, WV",VP Sales
54,Debra,Hawkins,dhawkins1h@shinystat.com,Female,Skyvu,"Willow Run, IL",Sales Representative
55,Kathy,Owens,kowens1i@nationalgeographic.com,Female,Wikibox,"Conyersville, AZ",Programmer Analyst I
56,Steven,Palmer,spalmer1j@sun.com,Male,Twitternation,"Mount Baker, NY",Community Outreach Specialist
57,Ryan,Watkins,rwatkins1k@mit.edu,Male,Tazzy,"Farmington Lake, OK",Quality Control Specialist
58,Ashley,Diaz,adiaz1l@ameblo.jp,Female,Tavu,"Martins Corner, TX",Speech Pathologist
59,Mark,Banks,mbanks1m@amazon.de,Male,Skinix,"Pickerel Narrows, MT",Analyst Programmer
60,Alice,Crawford,acrawford1n@photobucket.com,Female,Trudeo,"Willaha, OH",Recruiter
61,Ann,Peters,apeters1o@nasa.gov,Female,Jayo,"Center, MA",Senior Editor
62,Cynthia,Reynolds,creynolds1p@g.co,Female,Lazzy,"Spring City, MS",Account Coordinator
63,Gloria,Mason,gmason1q@businesswire.com,Female,InnoZ,"Mittenlane, TX",Automation Specialist I
64,Ronald,Richards,rrichards1r@i2i.jp,Male,Photobean,"East Waterford, ME",VP Marketing
65,Brenda,Riley,briley1s@dmoz.org,Female,Photospace,"Coltman, WV",
66,Laura,Coleman,lcoleman1t@unesco.org,Female,Kwideo,"Scottsville, KS",Account Executive
67,Theresa,George,tgeorge1u@mail.ru,Female,Katz,"Hebron, AZ",Account Representative II
68,Jennifer,Dixon,jdixon1v@dell.com,Female,Topiclounge,"Longview, MA",Sales Representative
69,Lawrence,Harvey,lharvey1w@yellowpages.com,Male,Skiba,"Emerson, MT",Librarian
70,Wayne,Fields,wfields1x@illinois.edu,Male,Realcube,"North Knoxville, AL",Senior Cost Accountant
71,Jesse,Owens,jowens1y@umich.edu,Male,Voonte,"Momford Landing, IN",Paralegal
72,Jeffrey,Cox,jcox1z@usnews.com,Male,Oyondu,"Ipswich, IA",Internal Auditor
73,Bobby,Gray,bgray20@mashable.com,Male,Mybuzz,"Storms, TX",Physical Therapy Assistant
74,Lawrence,Duncan,lduncan21@yandex.ru,Male,Yambee,"Kalauao, SD",Junior Executive
75,Diane,Martin,dmartin22@cloudflare.com,Female,Twitterlist,"Farwell, FL",Assistant Manager
76,Anthony,Brown,abrown23@istockphoto.com,Male,Jabbertype,"Brentwood Village, MT",Environmental Tech
77,Sara,Dean,sdean24@wiley.com,Female,Meeveo,"Wilhelm Park, MT",Legal Assistant
78,Kathy,Lopez,klopez25@icq.com,Female,Zooxo,"Bannister Acres, NC",Chief Design Engineer
79,Walter,Garrett,wgarrett26@vk.com,Male,Photospace,"Bent Pine, VA",VP Quality Control
80,Annie,,aflores27@mlb.com,Female,Myworks,"Mitchell, AZ",Social Worker
81,Lisa,George,lgeorge28@upenn.edu,Female,Edgewire,"Social Circle, MO",Pharmacist
82,Paul,Marshall,pmarshall29@bandcamp.com,Male,Devify,"Kreutzberg, NY",
83,Jeffrey,Bennett,jbennett2a@wisc.edu,Male,Fatz,"Cimarron, WA",Social Worker
84,Willie,Crawford,wcrawford2b@blogspot.com,Male,Browseblab,"Brookhaven, DC",Account Executive
85,Martha,Thomas,mthomas2c@slideshare.net,Female,Skibox,"Montverde Junction, NJ",Account Representative III
86,Dennis,Collins,dcollins2d@umich.edu,Male,Dabvine,"Midland City, AK",Registered Nurse
87,Jack,Hanson,jhanson2e@goo.ne.jp,Male,Thoughtbeat,"Sacramento, ME",Statistician II
88,Charles,Thomas,cthomas2f@about.me,Male,Kanoodle,"Del Rey Oaks, RI",Tax Accountant
89,Janet,West,jwest2g@miitbeian.gov.cn,Female,Jabbersphere,"Coal Creek, OK",Librarian
90,Lori,Ellis,lellis2h@guardian.co.uk,Female,Topiclounge,"Rabbitown, TN",Accountant I
91,Gerald,Watson,gwatson2i@hud.gov,Male,Jabbercube,"Fairland, GA",Chemical Engineer
92,Robin,Green,rgreen2j@technorati.com,Female,Brightbean,"Gaskil, DE",Pharmacist
93,Sara,Williams,swilliams2k@elpais.com,Female,Rhybox,"Morgan Mill, OK",Senior Editor
94,Nancy,Davis,ndavis2l@ask.com,Female,Avaveo,"Merrimac South, AL",Financial Analyst
95,Carlos,Hamilton,chamilton2m@twitter.com,Male,Skinte,"Stanardsville, NH",Recruiting Manager
96,Andrea,Washington,awashington2n@elegantthemes.com,Female,Dabvine,"Two Brooks, WI",Social Worker
97,Gloria,,gbutler2o@shutterfly.com,Female,Gabspot,"Curriers, NM",Senior Financial Analyst
98,Harold,Hanson,hhanson2p@ocn.ne.jp,Male,Divape,"Skookumchuck, VA",Project Manager
99,Anna,Griffin,agriffin2q@sun.com,Female,Ntags,"Edgerton, RI",Computer Systems Analyst II
100,Beverly,Lawson,blawson2r@csmonitor.com,Female,Yozio,"Slater, MO",Financial Analyst
101,Jean,Kim,jkim2s@163.com,Female,Skajo,"Warner, NH",Health Coach III
102,Larry,Duncan,lduncan2t@ustream.tv,Male,Flashpoint,"East Natchitoches, PA",Account Executive
103,Katherine,Bell,kbell2u@netvibes.com,Female,Quatz,"Lyon, WV",Help Desk Technician
104,Arthur,West,awest2v@japanpost.jp,Male,Realbuzz,"Willow Run, IL",Senior Cost Accountant
105,Evelyn,Cox,ecox2w@jiathis.com,Female,Dynava,"Conyersville, AZ",Chemical Engineer
106,Louise,Hill,lhill2x@telegraph.co.uk,Female,Mita,"Mount Baker, NY",Occupational Therapist
107,Fred,Scott,fscott2y@skyrock.com,Male,Agivu,"Farmington Lake, OK",Assistant Manager
108,Gary,Warren,gwarren2z@umich.edu,Male,Podcat,"Martins Corner, TX",Senior Cost Accountant
109,Lisa,Elliott,lelliott30@shinystat.com,Female,Oyoloo,"Pickerel Narrows, MT",Nurse Practicioner
110,Andrea,Wright,awright31@smugmug.com,Female,Quire,"Willaha, OH",Project Manager
111,Wanda,Peterson,wpeterson32@netscape.com,Female,Flipbug,"Center, MA",Accountant II
112,Norma,Garrett,ngarrett33@altervista.org,Female,Youtags,"Spring City, MS",Senior Editor
113,Johnny,Elliott,jelliott34@examiner.com,Male,Brainbox,"Mittenlane, TX",Programmer II
114,Maria,Burton,mburton35@ning.com,Female,Skiptube,"East Waterford, ME",Structural Analysis Engineer
115,Jane,Watson,jwatson36@webmd.com,Female,Realcube,"Coltman, WV",General Manager
116,Lois,Brown,lbrown37@over-blog.com,Female,Tagfeed,"Scottsville, KS",Junior Executive
117,Anne,Armstrong,aarmstrong38@vk.com,Female,Skynoodle,"Hebron, AZ",Nurse
118,Paula,Sullivan,psullivan39@live.com,Female,Skalith,"Longview, MA",Nuclear Power Engineer
119,Sean,Bowman,sbowman3a@mit.edu,Male,Realmix,"Emerson, MT",Clinical Specialist
120,Ryan,Gray,rgray3b@redcross.org,Male,Jabbertype,"North Knoxville, AL",Database Administrator I
121,Nicole,Kelley,nkelley3c@usda.gov,Female,InnoZ,"Momford Landing, IN",Programmer IV
122,Kathryn,Bishop,kbishop3d@google.co.uk,Female,Zoomcast,"Ipswich, IA",Research Nurse
123,Bonnie,Little,blittle3e@omniture.com,Female,Brainverse,"Storms, TX",Administrative Officer
124,Ryan,Payne,rpayne3f@friendfeed.com,Male,Dynazzy,"Kalauao, SD",VP Sales
125,Ralph,Ferguson,rferguson3g@twitter.com,Male,Vinder,"Farwell, FL",Geologist III
126,Steven,Hunt,shunt3h@thetimes.co.uk,Male,Kanoodle,"Brentwood Village, MT",Internal Auditor
127,Robin,Stanley,rstanley3i@goodreads.com,Female,Twitternation,"Wilhelm Park, MT",Assistant Professor
128,Stephen,Stewart,sstewart3j@washington.edu,Male,Dabshots,"Bannister Acres, NC",Account Representative I
129,Shirley,Flores,sflores3k@stumbleupon.com,Female,Topicblab,"Bent Pine, VA",Software Engineer III
130,Irene,Taylor,itaylor3l@hostgator.com,Female,Kwilith,"Mitchell, AZ",Nuclear Power Engineer
131,Aaron,Schmidt,aschmidt3m@wired.com,Male,Wordify,"Social Circle, MO",Structural Engineer
132,Jacqueline,Adams,jadams3n@msn.com,Female,Brainsphere,"Kreutzberg, NY",Safety Technician I
133,Ronald,Crawford,rcrawford3o@senate.gov,Male,Pixonyx,"Cimarron, WA",Payment Adjustment Coordinator
134,Gary,Clark,gclark3p@altervista.org,Male,Avavee,"Brookhaven, DC",Senior Sales Associate
135,Diana,Lopez,dlopez3q@taobao.com,Female,Realcube,"Montverde Junction, NJ",VP Marketing
136,Patrick,,pgarza3r@delicious.com,Male,Camido,"Midland City, AK",Quality Control Specialist
137,Sandra,Crawford,scrawford3s@nymag.com,Female,Riffpedia,"Sacramento, ME",Project Manager
138,Benjamin,West,bwest3t@twitter.com,Male,Leexo,"Del Rey Oaks, RI",Product Engineer
139,Stephen,Graham,sgraham3u@google.co.jp,Male,Fadeo,"Coal Creek, OK",
140,Martin,Duncan,mduncan3v@slashdot.org,Male,Buzzster,"Rabbitown, TN",Librarian
141,Stephen,Long,slong3w@smh.com.au,Male,Rhynyx,"Fairland, GA",Engineer IV
142,Robert,Kelly,rkelly3x@slashdot.org,Male,Wikivu,"Gaskil, DE",Electrical Engineer
143,Gary,Foster,gfoster3y@princeton.edu,Male,Skynoodle,"Morgan Mill, OK",Systems Administrator III
144,Brenda,Torres,btorres3z@pagesperso-orange.fr,Female,Centidel,"Merrimac South, AL",Director of Sales
145,Joe,Andrews,jandrews40@youku.com,Male,Edgeclub,"Stanardsville, NH",Senior Editor
146,Christine,Elliott,celliott41@unicef.org,Female,Realcube,"Two Brooks, WI",Computer Systems Analyst II
147,Teresa,Martin,tmartin42@washington.edu,Female,Babbleset,"Curriers, NM",VP Quality Control
148,Kathryn,Riley,kriley43@etsy.com,Female,Yadel,"Skookumchuck, VA",Environmental Tech
149,George,Graham,ggraham44@zimbio.com,Male,Realblab,"Edgerton, RI",VP Quality Control
150,Bonnie,Perkins,bperkins45@reference.com,Female,Topdrive,"Slater, MO",Quality Engineer
151,Earl,Franklin,efranklin46@sun.com,Male,Katz,"Warner, NH",Nurse
152,Jack,Rogers,jrogers47@utexas.edu,Male,Topicshots,"East Natchitoches, PA",Librarian
153,Paula,Bowman,pbowman48@vimeo.com,Female,Devcast,"Lyon, WV",Web Designer IV
154,Dorothy,West,dwest49@mozilla.com,Female,Leexo,"Willow Run, IL",Budget/Accounting Analyst I
155,Philip,Ramos,pramos4a@ihg.com,Male,Trudeo,"Conyersville, AZ",Senior Quality Engineer
156,Bonnie,Bennett,bbennett4b@mtv.com,Female,Bubbletube,"Mount Baker, NY",Staff Accountant I
157,Denise,Castillo,dcastillo4c@buzzfeed.com,Female,Browsedrive,"Farmington Lake, OK",Associate Professor
158,Joe,Franklin,jfranklin4d@ted.com,Male,Twitterbridge,"Martins Corner, TX",Registered Nurse
159,Jennifer,Burns,jburns4e@usnews.com,Female,Wikivu,"Pickerel Narrows, MT",Senior Cost Accountant
160,Judy,Mitchell,jmitchell4f@php.net,Female,Feedspan,"Willaha, OH",Help Desk Operator
161,Amanda,Lynch,alynch4g@cpanel.net,Female,Zava,"Center, MA",Product Engineer
162,Brian,Berry,bberry4h@google.de,Male,Lazzy,"Spring City, MS",Senior Cost Accountant
163,Martin,Torres,mtorres4i@i2i.jp,Male,Pixope,"Mittenlane, TX",Speech Pathologist
164,Elizabeth,Moore,emoore4j@thetimes.co.uk,Female,Innojam,"East Waterford, ME",Help Desk Operator
165,Elizabeth,Bishop,ebishop4k@army.mil,Female,Eamia,"Coltman, WV",Budget/Accounting Analyst IV
166,Brenda,Mason,bmason4l@sogou.com,Female,Skajo,"Scottsville, KS",Graphic Designer
167,David,Murphy,dmurphy4m@photobucket.com,Male,Fiveclub,"Hebron, AZ",Web Developer II
168,Judith,,jsimpson4n@google.com,Female,Katz,"Longview, MA",VP Sales
169,Jessica,Carter,jcarter4o@tripadvisor.com,Female,Browsedrive,"Emerson, MT",Nurse
170,Craig,Sanders,csanders4p@nasa.gov,Male,Skidoo,"North Knoxville, AL",Media Manager IV
171,Karen,Perez,kperez4q@bbb.org,Female,Edgewire,"Momford Landing, IN",Web Designer II
172,Annie,Holmes,aholmes4r@exblog.jp,Female,Quinu,"Ipswich, IA",Registered Nurse
173,Dorothy,Fox,dfox4s@ucsd.edu,Female,Edgeclub,"Storms, TX",Mechanical Systems Engineer
174,Beverly,Crawford,bcrawford4t@ed.gov,Female,Devpoint,"Kalauao, SD",Sales Representative
175,Bonnie,Marshall,bmarshall4u@meetup.com,Female,Topiclounge,"Farwell, FL",Media Manager III
176,Michelle,Armstrong,marmstrong4v@yale.edu,Female,DabZ,"Brentwood Village, MT",Environmental Tech
177,Wayne,Jordan,wjordan4w@rakuten.co.jp,Male,Innojam,"Wilhelm Park, MT",Food Chemist
178,Phyllis,Dixon,pdixon4x@techcrunch.com,Female,Browsedrive,"Bannister Acres, NC",Systems Administrator I
179,Philip,Collins,pcollins4y@prweb.com,Male,Wikibox,"Bent Pine, VA",Senior Cost Accountant
180,Stephanie,Robertson,srobertson4z@dot.gov,Female,Zoomzone,"Mitchell, AZ",Assistant Professor
181,Shawn,Mitchell,smitchell50@last.fm,Male,Topdrive,"Social Circle, MO",Database Administrator I
182,Angela,Martinez,amartinez51@dedecms.com,Female,Bubblebox,"Kreutzberg, NY",Civil Engineer
183,Timothy,Garrett,tgarrett52@gizmodo.com,Male,Camimbo,"Cimarron, WA",Office Assistant III
184,Harry,Kennedy,hkennedy53@soundcloud.com,Male,Oodoo,"Brookhaven, DC",Quality Control Specialist
185,Scott,Gordon,sgordon54@indiegogo.com,Male,Dabjam,"Montverde Junction, NJ",General Manager
186,Kathleen,Palmer,kpalmer55@google.nl,Female,Yodoo,"Midland City, AK",Analog Circuit Design manager
187,Carol,Diaz,cdiaz56@statcounter.com,Female,Yamia,"Sacramento, ME",Senior Sales Associate
188,Peter,Morrison,pmorrison57@ameblo.jp,Male,Thoughtmix,"Del Rey Oaks, RI",Assistant Professor
189,Marie,Diaz,mdiaz58@wikia.com,Female,Wikivu,"Coal Creek, OK",Marketing Assistant
190,Katherine,Tucker,ktucker59@elpais.com,Female,Aivee,"Rabbitown, TN",Chemical Engineer
191,Todd,Hansen,thansen5a@go.com,Male,Skiba,"Fairland, GA",Human Resources Manager
192,Douglas,Gomez,dgomez5b@thetimes.co.uk,Male,Zoomlounge,"Gaskil, DE",Internal Auditor
193,Ann,Ross,aross5c@wp.com,Female,Cogidoo,"Morgan Mill, OK",Quality Engineer
194,Walter,Palmer,wpalmer5d@sitemeter.com,Male,Bubblebox,"Merrimac South, AL",Senior Cost Accountant
195,Clarence,Patterson,cpatterson5e@cafepress.com,Male,Dabvine,"Stanardsville, NH",Compensation Analyst
196,Dennis,Perry,dperry5f@gov.uk,Male,Mymm,"Two Brooks, WI",Quality Control Specialist
197,George,Baker,gbaker5g@shareasale.com,Male,Fivechat,"Curriers, NM",Payment Adjustment Coordinator
198,Susan,Patterson,spatterson5h@tuttocitta.it,Female,Jabbersphere,"Skookumchuck, VA",Environmental Specialist
199,David,Wells,dwells5i@instagram.com,Male,Babblestorm,"Edgerton, RI",Cost Accountant
200,Christopher,Gray,cgray5j@senate.gov,Male,Jaxspan,"Slater, MO",Human Resources Manager
201,Ralph,Richards,rrichards5k@reference.com,Male,Yamia,"Warner, NH",Sales Representative
202,Arthur,Wells,awells5l@wired.com,Male,Skajo,"East Natchitoches, PA",Professor
203,Kevin,Morrison,kmorrison5m@google.com,Male,Mymm,"Lyon, WV",Quality Control Specialist
204,Debra,Armstrong,darmstrong5n@columbia.edu,Female,Youbridge,"Willow Run, IL",Executive Secretary
205,Ryan,Alexander,ralexander5o@ihg.com,Male,Meemm,"Conyersville, AZ",Nuclear Power Engineer
206,Julie,Jordan,jjordan5p@hostgator.com,Female,Trilia,"Mount Baker, NY",Junior Executive
207,Louise,Campbell,lcampbell5q@virginia.edu,Female,Voolia,"Farmington Lake, OK",Chief Design Engineer
208,Jack,Duncan,jduncan5r@technorati.com,Male,Twitternation,"Martins Corner, TX",Nurse
209,Teresa,Taylor,ttaylor5s@samsung.com,Female,Rooxo,"Pickerel Narrows, MT",Web Designer IV
210,Victor,King,vking5t@ted.com,Male,Skinder,"Willaha, OH",Pharmacist
211,Linda,Fuller,lfuller5u@privacy.gov.au,Female,Yata,"Center, MA",Structural Analysis Engineer
212,Lawrence,Watkins,lwatkins5v@gizmodo.com,Male,Quatz,"Spring City, MS",Tax Accountant
213,David,Holmes,dholmes5w@ebay.com,Male,Twitterwire,"Mittenlane, TX",Environmental Tech
214,Ann,Griffin,agriffin5x@twitter.com,Female,Vitz,"East Waterford, ME",Project Manager
215,Lillian,Ford,lford5y@shop-pro.jp,Female,Innotype,"Coltman, WV",Assistant Media Planner
216,Amy,Gibson,agibson5z@ucsd.edu,Female,Chatterpoint,"Scottsville, KS",Registered Nurse
217,Anthony,Harper,aharper60@infoseek.co.jp,Male,Omba,"Hebron, AZ",Account Representative I
218,Nicole,Adams,nadams61@bigcartel.com,Female,Oozz,"Longview, MA",Safety Technician III
219,Harry,Butler,hbutler62@parallels.com,Male,Aimbo,"Emerson, MT",Financial Advisor
220,Marilyn,Palmer,mpalmer63@cafepress.com,Female,Browsebug,"North Knoxville, AL",Database Administrator IV
221,Phillip,Woods,pwoods64@infoseek.co.jp,Male,Skiba,"Momford Landing, IN",Associate Professor
222,Deborah,Green,dgreen65@a8.net,Female,Twimm,"Ipswich, IA",Geologist II
223,Evelyn,Rodriguez,erodriguez66@amazon.co.jp,Female,Skinix,"Storms, TX",Occupational Therapist
224,Kevin,Jenkins,kjenkins67@marriott.com,Male,Flashset,"Kalauao, SD",VP Sales
225,Maria,White,mwhite68@networksolutions.com,Female,Meevee,"Farwell, FL",Help Desk Operator
226,Michael,Hernandez,mhernandez69@cargocollective.com,Male,Topiclounge,"Brentwood Village, MT",Marketing Assistant
227,Benjamin,Peters,bpeters6a@dell.com,Male,Gabvine,"Wilhelm Park, MT",Staff Scientist
228,Marilyn,Knight,mknight6b@nsw.gov.au,Female,Blogtags,"Bannister Acres, NC",Junior Executive
229,Jane,Fields,jfields6c@usgs.gov,Female,Izio,"Bent Pine, VA",Senior Cost Accountant
230,Eric,Garza,egarza6d@wikimedia.org,Male,Youopia,"Mitchell, AZ",Paralegal
231,Doris,Flores,dflores6e@chicagotribune.com,Female,Twimbo,"Social Circle, MO",Chief Design Engineer
232,Maria,Sanders,msanders6f@mapquest.com,Female,Skibox,"Kreutzberg, NY",Associate Professor
233,Mark,Snyder,msnyder6g@wikipedia.org,Male,Meejo,"Cimarron, WA",Biostatistician I
234,Wayne,Jacobs,wjacobs6h@sourceforge.net,Male,Photofeed,"Brookhaven, DC",Marketing Assistant
235,Katherine,Grant,kgrant6i@netvibes.com,Female,Oozz,"Montverde Junction, NJ",Assistant Professor
236,David,Elliott,delliott6j@ycombinator.com,Male,Skiba,"Midland City, AK",Environmental Specialist
237,David,Boyd,dboyd6k@google.nl,Male,Trupe,"Sacramento, ME",Physical Therapy Assistant
238,Larry,Freeman,lfreeman6l@shutterfly.com,Male,Demivee,"Del Rey Oaks, RI",Structural Engineer
239,Eugene,Morgan,emorgan6m@blogs.com,Male,Realfire,"Coal Creek, OK",Senior Cost Accountant
240,Jennifer,Romero,jromero6n@psu.edu,Female,Devshare,"Rabbitown, TN",Account Representative I
241,Andrew,Grant,agrant6o@plala.or.jp,Male,Photobean,"Fairland, GA",Analog Circuit Design manager
242,Cynthia,Hansen,chansen6p@sourceforge.net,Female,Twitterwire,"Gaskil, DE",Chief Design Engineer
243,Billy,Cook,bcook6q@symantec.com,Male,Yakijo,"Morgan Mill, OK",Nurse Practicioner
244,Mary,Ryan,mryan6r@kickstarter.com,Female,Linkbridge,"Merrimac South, AL",Media Manager IV
245,Sandra,Davis,sdavis6s@who.int,Female,Demimbu,"Stanardsville, NH",Food Chemist
246,Martha,Fox,mfox6t@soup.io,Female,Voonix,"Two Brooks, WI",Director of Sales
247,Jane,Porter,jporter6u@deviantart.com,Female,Flashspan,"Curriers, NM",Human Resources Assistant II
248,Louise,Hudson,lhudson6v@yolasite.com,Female,Livetube,"Skookumchuck, VA",Civil Engineer
249,Barbara,Greene,bgreene6w@ustream.tv,Female,Mynte,"Edgerton, RI",Biostatistician II
250,Douglas,Burton,dburton6x@weibo.com,Male,Oloo,"Slater, MO",Staff Accountant II
251,Phillip,Burke,pburke6y@google.ca,Male,Yamia,"Warner, NH",Civil Engineer
252,Alan,Diaz,adiaz6z@adobe.com,Male,Wikizz,"East Natchitoches, PA",Software Consultant
253,Denise,Meyer,dmeyer70@virginia.edu,Female,Bubbletube,"Lyon, WV",Senior Developer
254,Wayne,Long,wlong71@dmoz.org,Male,Kwimbee,"Willow Run, IL",Compensation Analyst
255,Craig,Miller,cmiller72@bbb.org,Male,Wikizz,"Conyersville, AZ",Associate Professor
256,Billy,Morgan,bmorgan73@google.ru,Male,Yabox,"Mount Baker, NY",Systems Administrator IV
257,Barbara,Hunter,bhunter74@fema.gov,Female,Bubblebox,"Farmington Lake, OK",Computer Systems Analyst IV
258,Diana,Hill,dhill75@msn.com,Female,Tagfeed,"Martins Corner, TX",Desktop Support Technician
259,Bonnie,Adams,badams76@webnode.com,Female,Tanoodle,"Pickerel Narrows, MT",
260,Rachel,Garcia,rgarcia77@nyu.edu,Female,Skippad,"Willaha, OH",Analog Circuit Design manager
261,Marie,Jacobs,mjacobs78@rakuten.co.jp,Female,Flashdog,"Center, MA",General Manager
262,Brian,Palmer,bpalmer79@nature.com,Male,Twitternation,"Spring City, MS",Office Assistant II
263,Philip,Jordan,pjordan7a@arstechnica.com,Male,Voomm,"Mittenlane, TX",Registered Nurse
264,Michael,Evans,mevans7b@ning.com,Male,Dazzlesphere,"East Waterford, ME",
265,Kevin,Collins,kcollins7c@examiner.com,Male,Blogpad,"Coltman, WV",VP Sales
266,Barbara,Romero,bromero7d@amazon.com,Female,Quinu,"Scottsville, KS",Paralegal
267,Joshua,Lynch,jlynch7e@marketwatch.com,Male,Babbleblab,"Hebron, AZ",Financial Advisor
268,Kathryn,Ferguson,kferguson7f@latimes.com,Female,Voomm,"Longview, MA",Marketing Assistant
269,Julia,Greene,jgreene7g@ft.com,Female,Roomm,"Emerson, MT",Desktop Support Technician
270,Catherine,Richards,crichards7h@dell.com,Female,Skyba,"North Knoxville, AL",Statistician I
271,Kimberly,Robinson,krobinson7i@foxnews.com,Female,Tambee,"Momford Landing, IN",Nurse Practicioner
272,Mark,Carter,mcarter7j@nbcnews.com,Male,Twitterworks,"Ipswich, IA",Account Executive
273,Tina,Hunter,thunter7k@sogou.com,Female,Realpoint,"Storms, TX",Developer IV
274,Mark,Gonzales,mgonzales7l@scribd.com,Male,Tanoodle,"Kalauao, SD",Structural Analysis Engineer
275,Katherine,Cox,kcox7m@dailymotion.com,Female,Bluezoom,"Farwell, FL",Senior Cost Accountant
276,Anthony,Reynolds,areynolds7n@edublogs.org,Male,Devify,"Brentwood Village, MT",
277,Lori,Lane,llane7o@ftc.gov,Female,Skiba,"Wilhelm Park, MT",Office Assistant I
278,Craig,Evans,cevans7p@rakuten.co.jp,Male,Miboo,"Bannister Acres, NC",Mechanical Systems Engineer
279,Julia,Fox,jfox7q@bing.com,Female,Mita,"Bent Pine, VA",Food Chemist
280,Jesse,Johnston,jjohnston7r@unc.edu,Male,Topicstorm,"Mitchell, AZ",Associate Professor
281,Henry,Cole,hcole7s@time.com,Male,Gigashots,"Social Circle, MO",
282,Donald,Kennedy,dkennedy7t@telegraph.co.uk,Male,Wikizz,"Kreutzberg, NY",Budget/Accounting Analyst III
283,Stephen,Jordan,sjordan7u@barnesandnoble.com,Male,Midel,"Cimarron, WA",Research Associate
284,Dorothy,Perez,dperez7v@smh.com.au,Female,Skidoo,"Brookhaven, DC",Research Associate
285,Alan,Kelly,akelly7w@reddit.com,Male,Realbridge,"Montverde Junction, NJ",Desktop Support Technician
286,Adam,Brown,abrown7x@friendfeed.com,Male,Jamia,"Midland City, AK",
287,Michael,Boyd,mboyd7y@telegraph.co.uk,Male,LiveZ,"Sacramento, ME",Geological Engineer
288,James,Garza,jgarza7z@wunderground.com,Male,Thoughtblab,"Del Rey Oaks, RI",Statistician III
289,Annie,Howell,ahowell80@blogs.com,Female,Dynazzy,"Coal Creek, OK",Registered Nurse
290,Mildred,Andrews,mandrews81@shutterfly.com,Female,Viva,"Rabbitown, TN",Statistician II
291,Janet,Fisher,jfisher82@smugmug.com,Female,Tagpad,"Fairland, GA",Office Assistant I
292,Debra,Wilson,dwilson83@dyndns.org,Female,Linkbridge,"Gaskil, DE",Safety Technician III
293,Thomas,Morgan,tmorgan84@slate.com,Male,Gigabox,"Morgan Mill, OK",Staff Accountant II
294,Rebecca,Ryan,rryan85@homestead.com,Female,Skinder,"Merrimac South, AL",Civil Engineer
295,Daniel,Garza,dgarza86@reddit.com,Male,Zoombox,"Stanardsville, NH",Quality Engineer
296,Gloria,Perez,gperez87@indiatimes.com,Female,Ailane,"Two Brooks, WI",General Manager
297,Clarence,Mccoy,cmccoy88@rambler.ru,Male,Innotype,"Curriers, NM",Geologist IV
298,Bruce,Bradley,bbradley89@google.ru,Male,Jabbertype,"Skookumchuck, VA",Recruiting Manager
299,Raymond,Cox,rcox8a@patch.com,Male,Janyx,"Edgerton, RI",Actuary
300,Craig,Wood,cwood8b@squidoo.com,Male,Feedmix,"Slater, MO",Editor
301,Diane,Lawrence,dlawrence8c@wordpress.org,Female,Edgeify,"Warner, NH",Database Administrator IV
302,Barbara,Rose,brose8d@shinystat.com,Female,Fivebridge,"East Natchitoches, PA",Web Designer I
303,Irene,Snyder,isnyder8e@mozilla.com,Female,Livetube,"Lyon, WV",Structural Analysis Engineer
304,Cheryl,Lawson,clawson8f@psu.edu,Female,Dabjam,"Willow Run, IL",Paralegal
305,Sara,Edwards,sedwards8g@themeforest.net,Female,Dabtype,"Conyersville, AZ",Marketing Assistant
306,Edward,Gonzalez,egonzalez8h@google.nl,Male,Topiclounge,"Mount Baker, NY",
307,Margaret,Miller,mmiller8i@digg.com,Female,BlogXS,"Farmington Lake, OK",Senior Sales Associate
308,Gerald,Hunter,ghunter8j@unblog.fr,Male,Viva,"Martins Corner, TX",Help Desk Operator
309,Bonnie,Parker,bparker8k@unesco.org,Female,Jabberbean,"Pickerel Narrows, MT",Research Associate
310,Phyllis,Sanchez,psanchez8l@japanpost.jp,Female,Youopia,"Willaha, OH",Systems Administrator I
311,Christina,Cooper,ccooper8m@fda.gov,Female,Viva,"Center, MA",Office Assistant I
312,Barbara,Stone,bstone8n@ning.com,Female,Divanoodle,"Spring City, MS",Biostatistician II
313,Andrew,Bell,abell8o@jigsy.com,Male,Yotz,"Mittenlane, TX",Nurse Practicioner
314,James,Anderson,janderson8p@wordpress.com,Male,Buzzdog,"East Waterford, ME",Actuary
315,Shirley,Lynch,slynch8q@spiegel.de,Female,Thoughtbridge,"Coltman, WV",Environmental Specialist
316,Joseph,West,jwest8r@comcast.net,Male,Tagfeed,"Scottsville, KS",Assistant Media Planner
317,Jose,Freeman,jfreeman8s@fotki.com,Male,Kayveo,"Hebron, AZ",Environmental Specialist
318,Beverly,Holmes,bholmes8t@loc.gov,Female,Kaymbo,"Longview, MA",Nurse Practicioner
319,Kathleen,Vasquez,kvasquez8u@drupal.org,Female,Voonyx,"Emerson, MT",Community Outreach Specialist
320,Diane,Carroll,dcarroll8v@ifeng.com,Female,Latz,"North Knoxville, AL",Engineer I
321,Ronald,Mcdonald,rmcdonald8w@csmonitor.com,Male,Blogtags,"Momford Landing, IN",Engineer I
322,Jonathan,Powell,jpowell8x@studiopress.com,Male,Rhycero,"Ipswich, IA",Analog Circuit Design manager
323,Timothy,Scott,tscott8y@redcross.org,Male,Zoovu,"Storms, TX",Recruiter
324,Eugene,Graham,egraham8z@xinhuanet.com,Male,Centidel,"Kalauao, SD",VP Quality Control
325,Anne,Burton,aburton90@theglobeandmail.com,Female,Tavu,"Farwell, FL",Cost Accountant
326,Melissa,Long,mlong91@altervista.org,Female,Vipe,"Brentwood Village, MT",Accounting Assistant III
327,Annie,Ruiz,aruiz92@eventbrite.com,Female,Tagtune,"Wilhelm Park, MT",Business Systems Development Analyst
328,Paul,Fields,pfields93@barnesandnoble.com,Male,Thoughtblab,"Bannister Acres, NC",Senior Developer
329,Katherine,Hudson,khudson94@bigcartel.com,Female,Twinte,"Bent Pine, VA",Marketing Assistant
330,Anne,Rodriguez,arodriguez95@people.com.cn,Female,Zoovu,"Mitchell, AZ",Programmer I
331,Ann,Smith,asmith96@multiply.com,Female,Livetube,"Social Circle, MO",Chemical Engineer
332,Antonio,Hughes,ahughes97@abc.net.au,Male,Jamia,"Kreutzberg, NY",Information Systems Manager
333,Brenda,Bowman,bbowman98@yahoo.com,Female,Camido,"Cimarron, WA",Geologist IV
334,Eric,Duncan,eduncan99@eventbrite.com,Male,Camido,"Brookhaven, DC",Associate Professor
335,Antonio,,awatson9a@xing.com,Male,Photofeed,"Montverde Junction, NJ",Food Chemist
336,Lillian,Marshall,lmarshall9b@cnet.com,Female,Flipopia,"Midland City, AK",Senior Cost Accountant
337,Bruce,Rogers,brogers9c@pen.io,Male,Tagchat,"Sacramento, ME",Chief Design Engineer
338,Alice,Howard,ahoward9d@163.com,Female,Jamia,"Del Rey Oaks, RI",Research Associate
339,Judy,Ford,jford9e@samsung.com,Female,Realbuzz,"Coal Creek, OK",Director of Sales
340,Lawrence,Frazier,lfrazier9f@artisteer.com,Male,Yombu,"Rabbitown, TN",Database Administrator I
341,Martin,Lawson,mlawson9g@dailymotion.com,Male,Blognation,"Fairland, GA",Analog Circuit Design manager
342,Anne,Watson,awatson9h@state.gov,Female,Edgeclub,"Gaskil, DE",Environmental Specialist
343,Jessica,Owens,jowens9i@irs.gov,Female,Thoughtsphere,"Morgan Mill, OK",Environmental Tech
344,Gary,Murray,gmurray9j@amazon.com,Male,Yozio,"Merrimac South, AL",Environmental Tech
345,Helen,,hharrison9k@ovh.net,Female,Pixoboo,"Stanardsville, NH",Data Coordiator
346,Ryan,Kelley,rkelley9l@studiopress.com,Male,Eire,"Two Brooks, WI",Structural Analysis Engineer
347,Barbara,Fuller,bfuller9m@ucla.edu,Female,Thoughtbridge,"Curriers, NM",Cost Accountant
348,Virginia,Little,vlittle9n@desdev.cn,Female,Photospace,"Skookumchuck, VA",Research Nurse
349,Carlos,Fox,cfox9o@360.cn,Male,Oloo,"Edgerton, RI",Recruiter
350,Janice,Hernandez,jhernandez9p@yahoo.co.jp,Female,Voonder,"Slater, MO",Sales Associate
351,Marilyn,Lewis,mlewis9q@washingtonpost.com,Female,Riffpath,"Warner, NH",Nuclear Power Engineer
352,Nicole,Gardner,ngardner9r@bing.com,Female,Quinu,"East Natchitoches, PA",Budget/Accounting Analyst IV
353,Adam,Garrett,agarrett9s@shareasale.com,Male,Tagchat,"Lyon, WV",Quality Engineer
354,Judith,Willis,jwillis9t@ucoz.com,Female,Shuffledrive,"Willow Run, IL",VP Marketing
355,Anthony,Reynolds,areynolds9u@illinois.edu,Male,Roomm,"Conyersville, AZ",VP Marketing
356,Carolyn,Flores,cflores9v@feedburner.com,Female,Kaymbo,"Mount Baker, NY",Social Worker
357,Sarah,Anderson,sanderson9w@yellowpages.com,Female,Realmix,"Farmington Lake, OK",Junior Executive
358,Ernest,Reynolds,ereynolds9x@microsoft.com,Male,Thoughtstorm,"Martins Corner, TX",Compensation Analyst
359,Kenneth,Stevens,kstevens9y@gov.uk,Male,Aivee,"Pickerel Narrows, MT",Geologist III
360,James,Harris,jharris9z@comsenz.com,Male,Skalith,"Willaha, OH",Senior Quality Engineer
361,William,Sanders,wsandersa0@shutterfly.com,Male,Katz,"Center, MA",GIS Technical Architect
362,Martha,Black,mblacka1@nationalgeographic.com,Female,Shuffledrive,"Spring City, MS",
363,Janice,Day,jdaya2@unc.edu,Female,Topicware,"Mittenlane, TX",Executive Secretary
364,Carl,Chavez,cchaveza3@cpanel.net,Male,Feedfish,"East Waterford, ME",Assistant Manager
365,Deborah,Cooper,dcoopera4@free.fr,Female,Skiba,"Coltman, WV",Dental Hygienist
366,Fred,Gonzales,fgonzalesa5@themeforest.net,Male,Jabberstorm,"Scottsville, KS",Technical Writer
367,Terry,Martinez,tmartineza6@mail.ru,Male,Thoughtstorm,"Hebron, AZ",Account Executive
368,Teresa,Wright,twrighta7@sciencedaily.com,Female,Topiclounge,"Longview, MA",Mechanical Systems Engineer
369,Brian,Woods,bwoodsa8@ameblo.jp,Male,Realblab,"Emerson, MT",Safety Technician III
370,Jessica,Hawkins,jhawkinsa9@nyu.edu,Female,Photofeed,"North Knoxville, AL",Budget/Accounting Analyst III
371,Willie,Meyer,wmeyeraa@hubpages.com,Male,Jazzy,"Momford Landing, IN",Occupational Therapist
372,Susan,Brooks,sbrooksab@infoseek.co.jp,Female,Voonix,"Ipswich, IA",Analog Circuit Design manager
373,David,Bailey,dbaileyac@flickr.com,Male,Browsetype,"Storms, TX",Geologist IV
374,Jesse,Barnes,jbarnesad@csmonitor.com,Male,Topicblab,"Kalauao, SD",Graphic Designer
375,Victor,Weaver,vweaverae@yolasite.com,Male,Talane,"Farwell, FL",Chief Design Engineer
376,Julie,Kelley,jkelleyaf@arizona.edu,Female,Quinu,"Brentwood Village, MT",Environmental Tech
377,George,Mason,gmasonag@fc2.com,Male,InnoZ,"Wilhelm Park, MT",Programmer Analyst IV
378,Donald,Garcia,dgarciaah@sogou.com,Male,Photolist,"Bannister Acres, NC",Sales Associate
379,Katherine,Wallace,kwallaceai@statcounter.com,Female,Flipbug,"Bent Pine, VA",Software Consultant
380,Mary,Kelly,mkellyaj@cnet.com,Female,Dabshots,"Mitchell, AZ",Research Associate
381,Lori,Reid,lreidak@google.com.hk,Female,Twitterworks,"Social Circle, MO",Nurse Practicioner
382,Harry,Banks,hbanksal@taobao.com,Male,Yamia,"Kreutzberg, NY",Food Chemist
383,Ruth,Griffin,rgriffinam@imdb.com,Female,Roodel,"Cimarron, WA",Help Desk Operator
384,Tammy,Fuller,tfulleran@fc2.com,Female,Tagchat,"Brookhaven, DC",Environmental Tech
385,Clarence,Sullivan,csullivanao@omniture.com,Male,Jabberstorm,"Montverde Junction, NJ",Senior Quality Engineer
386,Teresa,Parker,tparkerap@nih.gov,Female,Oozz,"Midland City, AK",Operator
387,Joyce,Lopez,jlopezaq@vistaprint.com,Female,Teklist,"Sacramento, ME",Electrical Engineer
388,Roy,Gonzalez,rgonzalezar@mozilla.com,Male,Kwideo,"Del Rey Oaks, RI",Electrical Engineer
389,Charles,Hamilton,chamiltonas@stanford.edu,Male,Shufflester,"Coal Creek, OK",Account Executive
390,Jerry,Crawford,jcrawfordat@ox.ac.uk,Male,Twimbo,"Rabbitown, TN",Account Representative I
391,John,,jjacksonau@usgs.gov,Male,Twitterworks,"Fairland, GA",Database Administrator I
392,Steven,Rivera,sriveraav@washington.edu,Male,Gigazoom,"Gaskil, DE",Actuary
393,Judy,Chapman,jchapmanaw@canalblog.com,Female,Photofeed,"Morgan Mill, OK",Senior Editor
394,Gary,Kelley,gkelleyax@prlog.org,Male,Yabox,"Merrimac South, AL",Chief Design Engineer
395,Albert,Robertson,arobertsonay@virginia.edu,Male,Npath,"Stanardsville, NH",Financial Advisor
396,Keith,Bennett,kbennettaz@list-manage.com,Male,Muxo,"Two Brooks, WI",Account Coordinator
397,Louis,Cole,lcoleb0@sina.com.cn,Male,Npath,"Curriers, NM",Occupational Therapist
398,Jesse,Oliver,joliverb1@virginia.edu,Male,Avavee,"Skookumchuck, VA",
399,Charles,Austin,caustinb2@360.cn,Male,Youfeed,"Edgerton, RI",Project Manager
400,John,Peters,jpetersb3@multiply.com,Male,Brainverse,"Slater, MO",Pharmacist
401,Adam,Mitchell,amitchellb4@usgs.gov,Male,Rhyloo,"Warner, NH",
402,Adam,Woods,awoodsb5@bloglines.com,Male,Ntag,"East Natchitoches, PA",General Manager
403,Cheryl,Burke,cburkeb6@mlb.com,Female,Kazio,"Lyon, WV",Account Coordinator
404,Teresa,Robertson,trobertsonb7@zimbio.com,Female,Devpulse,"Willow Run, IL",Graphic Designer
405,Judy,Bailey,jbaileyb8@nps.gov,Female,Shufflebeat,"Conyersville, AZ",VP Accounting
406,Harry,Hernandez,hhernandezb9@clickbank.net,Male,Riffpath,"Mount Baker, NY",Teacher
407,Bonnie,George,bgeorgeba@europa.eu,Female,Plambee,"Farmington Lake, OK",Director of Sales
408,Dorothy,Gray,dgraybb@prweb.com,Female,Vipe,"Martins Corner, TX",Registered Nurse
409,Raymond,Powell,rpowellbc@ibm.com,Male,Dynazzy,"Pickerel Narrows, MT",Physical Therapy Assistant
410,Marilyn,Alexander,malexanderbd@zdnet.com,Female,Photospace,"Willaha, OH",Human Resources Manager
411,Lawrence,Frazier,lfrazierbe@studiopress.com,Male,Gabcube,"Center, MA",Mechanical Systems Engineer
412,Kathryn,Williams,kwilliamsbf@wsj.com,Female,Gabtype,"Spring City, MS",Internal Auditor
413,Roy,Riley,rrileybg@blinklist.com,Male,Wordware,"Mittenlane, TX",Administrative Assistant II
414,Marie,Chavez,mchavezbh@networkadvertising.org,Female,Ailane,"East Waterford, ME",Environmental Specialist
415,Samuel,Burns,sburnsbi@google.de,Male,Realfire,"Coltman, WV",GIS Technical Architect
416,Peter,Wheeler,pwheelerbj@aol.com,Male,Twitterlist,"Scottsville, KS",Compensation Analyst
417,Chris,Garcia,cgarciabk@artisteer.com,Male,Flashspan,"Hebron, AZ",Teacher
418,Norma,Ray,nraybl@homestead.com,Female,Tambee,"Longview, MA",Assistant Media Planner
419,Scott,Butler,sbutlerbm@sakura.ne.jp,Male,Yakijo,"Emerson, MT",Human Resources Manager
420,Terry,Graham,tgrahambn@google.ca,Male,Devshare,"North Knoxville, AL",Statistician III
421,Denise,Alexander,dalexanderbo@rediff.com,Female,Riffpath,"Momford Landing, IN",Geological Engineer
422,Todd,Garrett,tgarrettbp@cisco.com,Male,DabZ,"Ipswich, IA",Clinical Specialist
423,Kathryn,Ford,kfordbq@wufoo.com,Female,Yambee,"Storms, TX",Assistant Media Planner
424,Sharon,Hall,shallbr@prweb.com,Female,Tazzy,"Kalauao, SD",Senior Quality Engineer
425,Pamela,Meyer,pmeyerbs@un.org,Female,Kwimbee,"Farwell, FL",Staff Scientist
426,Jonathan,Fuller,jfullerbt@huffingtonpost.com,Male,Twimbo,"Brentwood Village, MT",Statistician II
427,Roy,Brooks,rbrooksbu@slate.com,Male,Brightdog,"Wilhelm Park, MT",Senior Editor
428,Benjamin,Cruz,bcruzbv@moonfruit.com,Male,Realblab,"Bannister Acres, NC",Community Outreach Specialist
429,Raymond,West,rwestbw@noaa.gov,Male,Dabtype,"Bent Pine, VA",Office Assistant II
430,Gloria,Day,gdaybx@cornell.edu,Female,Kanoodle,"Mitchell, AZ",Account Executive
431,Ernest,Lee,eleeby@noaa.gov,Male,Fiveclub,"Social Circle, MO",Senior Quality Engineer
432,Jean,Dean,jdeanbz@mit.edu,Female,Dynava,"Kreutzberg, NY",Senior Cost Accountant
433,Denise,Moreno,dmorenoc0@ehow.com,Female,Mymm,"Cimarron, WA",Systems Administrator II
434,Philip,Henderson,phendersonc1@mashable.com,Male,Cogilith,"Brookhaven, DC",Account Executive
435,Joan,Henry,jhenryc2@dyndns.org,Female,Photolist,"Montverde Junction, NJ",Quality Engineer
436,Wayne,Evans,wevansc3@home.pl,Male,Yakidoo,"Midland City, AK",
437,Louise,,lfrazierc4@illinois.edu,Female,Youfeed,"Sacramento, ME",Administrative Officer
438,Joan,Patterson,jpattersonc5@indiegogo.com,Female,Brightbean,"Del Rey Oaks, RI",Geologist IV
439,Norma,Cook,ncookc6@japanpost.jp,Female,Rooxo,"Coal Creek, OK",Programmer Analyst I
440,Roger,Fuller,rfullerc7@globo.com,Male,Skivee,"Rabbitown, TN",Developer II
441,Mildred,Jones,mjonesc8@bing.com,Female,Linktype,"Fairland, GA",Payment Adjustment Coordinator
442,Gary,Garza,ggarzac9@hexun.com,Male,Twitterlist,"Gaskil, DE",Accounting Assistant III
443,Donna,Turner,dturnerca@tmall.com,Female,Brightdog,"Morgan Mill, OK",Accountant II
444,Antonio,Robinson,arobinsoncb@jugem.jp,Male,Blogtags,"Merrimac South, AL",Nuclear Power Engineer
445,George,Day,gdaycc@xrea.com,Male,Skimia,"Stanardsville, NH",Nuclear Power Engineer
446,Catherine,Hamilton,chamiltoncd@digg.com,Female,Tazzy,"Two Brooks, WI",Business Systems Development Analyst
447,Louise,Carter,lcarterce@sohu.com,Female,Yakidoo,"Curriers, NM",Financial Advisor
448,Juan,Dixon,jdixoncf@statcounter.com,Male,Tagpad,"Skookumchuck, VA",Engineer I
449,Sharon,Gutierrez,sgutierrezcg@toplist.cz,Female,Meemm,"Edgerton, RI",Registered Nurse
450,Doris,Butler,dbutlerch@skype.com,Female,Omba,"Slater, MO",Office Assistant I
451,Karen,Fuller,kfullerci@fema.gov,Female,Plajo,"Warner, NH",Statistician IV
452,Arthur,Cooper,acoopercj@tumblr.com,Male,Tanoodle,"East Natchitoches, PA",Design Engineer
453,Anna,Howell,ahowellck@amazon.de,Female,Yoveo,"Lyon, WV",Research Associate
454,Judy,Kim,jkimcl@google.co.uk,Female,Trilith,"Willow Run, IL",Actuary
455,Bonnie,Hamilton,bhamiltoncm@nbcnews.com,Female,Buzzdog,"Conyersville, AZ",Administrative Officer
456,Bonnie,Lawrence,blawrencecn@ehow.com,Female,Wordware,"Mount Baker, NY",Analyst Programmer
457,Howard,Jordan,hjordanco@wordpress.org,Male,Blognation,"Farmington Lake, OK",Analog Circuit Design manager
458,Kathy,Castillo,kcastillocp@cbc.ca,Female,Browsecat,"Martins Corner, TX",Compensation Analyst
459,Kimberly,Alexander,kalexandercq@ifeng.com,Female,Bubblebox,"Pickerel Narrows, MT",Help Desk Operator
460,Phillip,Gomez,pgomezcr@posterous.com,Male,Devify,"Willaha, OH",Junior Executive
461,Jonathan,Peterson,jpetersoncs@acquirethisname.com,Male,Lajo,"Center, MA",Research Nurse
462,Carlos,Lawson,clawsonct@multiply.com,Male,Wikizz,"Spring City, MS",Food Chemist
463,Marie,Stephens,mstephenscu@parallels.com,Female,Cogidoo,"Mittenlane, TX",VP Quality Control
464,Mary,Clark,mclarkcv@liveinternet.ru,Female,Quimba,"East Waterford, ME",Staff Accountant I
465,Karen,Moreno,kmorenocw@aol.com,Female,Blogtags,"Coltman, WV",Marketing Assistant
466,Sean,Oliver,solivercx@stumbleupon.com,Male,Oyope,"Scottsville, KS",Civil Engineer
467,Debra,Lopez,dlopezcy@topsy.com,Female,Npath,"Hebron, AZ",Office Assistant II
468,Carol,Bowman,cbowmancz@ifeng.com,Female,Twitterworks,"Longview, MA",Nurse Practicioner
469,Wanda,Baker,wbakerd0@blogtalkradio.com,Female,Agivu,"Emerson, MT",Librarian
470,Christopher,Morales,cmoralesd1@so-net.ne.jp,Male,Npath,"North Knoxville, AL",Actuary
471,Virginia,Reed,vreedd2@nyu.edu,Female,Bluejam,"Momford Landing, IN",Editor
472,Gary,Rose,grosed3@canalblog.com,Male,Eamia,"Ipswich, IA",Automation Specialist III
473,Ruth,Mason,rmasond4@paypal.com,Female,Agivu,"Storms, TX",Professor
474,Kimberly,Carroll,kcarrolld5@weather.com,Female,Gigabox,"Kalauao, SD",Sales Associate
475,Jeremy,Roberts,jrobertsd6@rambler.ru,Male,Talane,"Farwell, FL",Project Manager
476,Roger,Black,rblackd7@amazonaws.com,Male,Voonte,"Brentwood Village, MT",Budget/Accounting Analyst III
477,Cynthia,Cook,ccookd8@upenn.edu,Female,Flashspan,"Wilhelm Park, MT",Product Engineer
478,Bruce,Kelley,bkelleyd9@myspace.com,Male,Muxo,"Bannister Acres, NC",Research Associate
479,Craig,Rivera,criverada@house.gov,Male,Blogpad,"Bent Pine, VA",Chief Design Engineer
480,Alan,Ramirez,aramirezdb@apple.com,Male,Yakitri,"Mitchell, AZ",Systems Administrator III
481,Robert,Sanders,rsandersdc@columbia.edu,Male,Ainyx,"Social Circle, MO",Director of Sales
482,Randy,Nguyen,rnguyendd@netvibes.com,Male,Twitterbeat,"Kreutzberg, NY",Civil Engineer
483,Joan,Wright,jwrightde@fotki.com,Female,Jaxbean,"Cimarron, WA",Research Assistant III
484,Judith,Day,jdaydf@marketwatch.com,Female,Oodoo,"Brookhaven, DC",Data Coordiator
485,Shawn,Hanson,shansondg@indiegogo.com,Male,Leenti,"Montverde Junction, NJ",Compensation Analyst
486,Wanda,Smith,wsmithdh@state.tx.us,Female,Realcube,"Midland City, AK",Information Systems Manager
487,Frances,Moreno,fmorenodi@mysql.com,Female,Dynazzy,"Sacramento, ME",Senior Editor
488,Harold,Sanders,hsandersdj@uol.com.br,Male,Realblab,"Del Rey Oaks, RI",Marketing Manager
489,Pamela,Nelson,pnelsondk@sogou.com,Female,Rhynyx,"Coal Creek, OK",GIS Technical Architect
490,Cheryl,Lopez,clopezdl@github.io,Female,Twitterwire,"Rabbitown, TN",Senior Cost Accountant
491,Dennis,Porter,dporterdm@angelfire.com,Male,Rhynoodle,"Fairland, GA",Structural Engineer
492,Cynthia,Spencer,cspencerdn@illinois.edu,Female,Roomm,"Gaskil, DE",Operator
493,Rose,Williamson,rwilliamsondo@chronoengine.com,Female,Dynabox,"Morgan Mill, OK",Teacher
494,Brian,Lee,bleedp@theguardian.com,Male,Trudoo,"Merrimac South, AL",Safety Technician IV
495,Paula,Ray,praydq@sbwire.com,Female,Thoughtbridge,"Stanardsville, NH",Speech Pathologist
496,Phyllis,Banks,pbanksdr@indiatimes.com,Female,Vipe,"Two Brooks, WI",Programmer Analyst IV
497,Stephanie,Williamson,swilliamsonds@aboutads.info,Female,Demivee,"Curriers, NM",Account Executive
498,Deborah,Gonzales,dgonzalesdt@fema.gov,Female,Tavu,"Skookumchuck, VA",Software Engineer II
499,Dorothy,Castillo,dcastillodu@slate.com,Female,Mydo,"Edgerton, RI",Research Nurse
500,Anna,Fuller,afullerdv@shutterfly.com,Female,Topicshots,"Slater, MO",Editor
501,Louis,Ray,lraydw@deviantart.com,Male,Omba,"Warner, NH",Analog Circuit Design manager
502,Helen,Kennedy,hkennedydx@parallels.com,Female,Photobug,"East Natchitoches, PA",Senior Cost Accountant
503,George,Perkins,gperkinsdy@scientificamerican.com,Male,Trudoo,"Lyon, WV",Web Designer III
504,Sara,Griffin,sgriffindz@dagondesign.com,Female,Centidel,"Willow Run, IL",Environmental Tech
505,Jimmy,Carr,jcarre0@yellowbook.com,Male,Brainverse,"Conyersville, AZ",Analog Circuit Design manager
506,Harry,Hughes,hhughese1@newyorker.com,Male,Zoovu,"Mount Baker, NY",Civil Engineer
507,Beverly,Edwards,bedwardse2@mtv.com,Female,Browsebug,"Farmington Lake, OK",Graphic Designer
508,Norma,George,ngeorgee3@pagesperso-orange.fr,Female,Blognation,"Martins Corner, TX",Analyst Programmer
509,Aaron,Adams,aadamse4@dyndns.org,Male,Fivespan,"Pickerel Narrows, MT",Account Representative II
510,Judith,Fisher,jfishere5@tinyurl.com,Female,Yakijo,"Willaha, OH",Geological Engineer
511,Phillip,Turner,pturnere6@businessweek.com,Male,Flashset,"Center, MA",Assistant Media Planner
512,Martha,Chavez,mchaveze7@state.tx.us,Female,Browsezoom,"Spring City, MS",Sales Representative
513,Phillip,Bowman,pbowmane8@biblegateway.com,Male,Chatterpoint,"Mittenlane, TX",Recruiter
514,Diane,Watson,dwatsone9@oaic.gov.au,Female,Divape,"East Waterford, ME",Help Desk Technician
515,Fred,Nelson,fnelsonea@wired.com,Male,Photobug,"Coltman, WV",VP Accounting
516,Jason,Woods,jwoodseb@go.com,Male,InnoZ,"Scottsville, KS",Civil Engineer
517,Jeremy,Bennett,jbennettec@phpbb.com,Male,Chatterpoint,"Hebron, AZ",Programmer Analyst III
518,Julie,Wagner,jwagnered@phoca.cz,Female,Jatri,"Longview, MA",Health Coach I
519,Frank,Bell,fbellee@craigslist.org,Male,Myworks,"Emerson, MT",Recruiter
520,Maria,Murray,mmurrayef@toplist.cz,Female,Geba,"North Knoxville, AL",Accounting Assistant I
521,Donna,Jones,djoneseg@accuweather.com,Female,Skipfire,"Momford Landing, IN",Sales Representative
522,Betty,Hunt,bhunteh@spotify.com,Female,Geba,"Ipswich, IA",Cost Accountant
523,Joyce,White,jwhiteei@163.com,Female,Yoveo,"Storms, TX",Environmental Tech
524,Albert,Stevens,astevensej@google.fr,Male,Edgeify,"Kalauao, SD",Staff Accountant II
525,Donald,Cook,dcookek@comsenz.com,Male,Brainbox,"Farwell, FL",Executive Secretary
526,Evelyn,Hanson,ehansonel@networkadvertising.org,Female,Browsedrive,"Brentwood Village, MT",Senior Cost Accountant
527,Douglas,Meyer,dmeyerem@answers.com,Male,Layo,"Wilhelm Park, MT",Assistant Media Planner
528,Ruby,Elliott,relliotten@nyu.edu,Female,Fadeo,"Bannister Acres, NC",Environmental Specialist
529,Billy,Howard,bhowardeo@tripod.com,Male,Yotz,"Bent Pine, VA",Payment Adjustment Coordinator
530,Arthur,Thomas,athomasep@prweb.com,Male,Ainyx,"Mitchell, AZ",Senior Quality Engineer
531,Jesse,Sanchez,jsanchezeq@hao123.com,Male,Kazu,"Social Circle, MO",
532,Kathleen,Chapman,kchapmaner@nifty.com,Female,Gabtype,"Kreutzberg, NY",Structural Analysis Engineer
533,Louise,Oliver,loliveres@eventbrite.com,Female,Kazio,"Cimarron, WA",Database Administrator IV
534,Carol,Foster,cfosteret@goo.ne.jp,Female,Feedspan,"Brookhaven, DC",Desktop Support Technician
535,Carol,Meyer,cmeyereu@cafepress.com,Female,Bubblebox,"Montverde Junction, NJ",Compensation Analyst
536,Samuel,Garrett,sgarrettev@smh.com.au,Male,Gabtype,"Midland City, AK",Senior Quality Engineer
537,Justin,Burke,jburkeew@epa.gov,Male,Jaxnation,"Sacramento, ME",Technical Writer
538,Karen,Lawrence,klawrenceex@salon.com,Female,Zoombeat,"Del Rey Oaks, RI",Safety Technician I
539,Phillip,Hawkins,phawkinsey@spiegel.de,Male,Flipopia,"Coal Creek, OK",Product Engineer
540,George,Rogers,grogersez@phpbb.com,Male,Jatri,"Rabbitown, TN",Structural Analysis Engineer
541,Marilyn,Andrews,mandrewsf0@amazon.co.jp,Female,Twitterbridge,"Fairland, GA",Media Manager II
542,Anna,Richards,arichardsf1@shinystat.com,Female,Skipfire,"Gaskil, DE",Financial Analyst
543,Diane,Mccoy,dmccoyf2@vimeo.com,Female,Thoughtbeat,"Morgan Mill, OK",Physical Therapy Assistant
544,Raymond,Jordan,rjordanf3@ifeng.com,Male,Skalith,"Merrimac South, AL",Web Designer III
545,Patricia,Martin,pmartinf4@amazon.co.jp,Female,Flipstorm,"Stanardsville, NH",Computer Systems Analyst I
546,Bonnie,Wagner,bwagnerf5@vistaprint.com,Female,Digitube,"Two Brooks, WI",Software Engineer II
547,Justin,Chavez,jchavezf6@umich.edu,Male,Topicware,"Curriers, NM",VP Quality Control
548,Roger,Lawson,rlawsonf7@narod.ru,Male,Thoughtstorm,"Skookumchuck, VA",Compensation Analyst
549,Dennis,Vasquez,dvasquezf8@bloglines.com,Male,Zoozzy,"Edgerton, RI",Administrative Assistant II
550,Pamela,Ray,prayf9@ucsd.edu,Female,Voonder,"Slater, MO",Project Manager
551,Patricia,Dixon,pdixonfa@storify.com,Female,Latz,"Warner, NH",Quality Engineer
552,Steve,James,sjamesfb@acquirethisname.com,Male,Gabspot,"East Natchitoches, PA",Associate Professor
553,Randy,Freeman,rfreemanfc@shareasale.com,Male,Twitterbridge,"Lyon, WV",Speech Pathologist
554,Daniel,Crawford,dcrawfordfd@blogspot.com,Male,Gabspot,"Willow Run, IL",Quality Control Specialist
555,Betty,Hanson,bhansonfe@prnewswire.com,Female,Zava,"Conyersville, AZ",Assistant Professor
556,Steven,Young,syoungff@ow.ly,Male,Jazzy,"Mount Baker, NY",Biostatistician III
557,Jessica,Henderson,jhendersonfg@npr.org,Female,Fivespan,"Farmington Lake, OK",Senior Financial Analyst
558,Virginia,Lee,vleefh@cdbaby.com,Female,Twiyo,"Martins Corner, TX",Developer II
559,Gerald,Ray,grayfi@mit.edu,Male,Zoombeat,"Pickerel Narrows, MT",Assistant Media Planner
560,Marie,Walker,mwalkerfj@weibo.com,Female,Agimba,"Willaha, OH",Mechanical Systems Engineer
561,Philip,Williams,pwilliamsfk@loc.gov,Male,Jabbersphere,"Center, MA",Account Representative IV
562,Christina,Johnston,cjohnstonfl@amazon.de,Female,Livetube,"Spring City, MS",Statistician I
563,Melissa,Armstrong,marmstrongfm@marketwatch.com,Female,Dablist,"Mittenlane, TX",Information Systems Manager
564,Diane,Thomas,dthomasfn@deliciousdays.com,Female,Npath,"East Waterford, ME",Account Representative I
565,Lori,Banks,lbanksfo@state.gov,Female,Meeveo,"Coltman, WV",Environmental Tech
566,Cynthia,Daniels,cdanielsfp@sitemeter.com,Female,InnoZ,"Scottsville, KS",Senior Financial Analyst
567,Walter,Cruz,wcruzfq@yellowbook.com,Male,Katz,"Hebron, AZ",Senior Editor
568,Alan,Moore,amoorefr@geocities.jp,Male,Divavu,"Longview, MA",Legal Assistant
569,Brandon,Wagner,bwagnerfs@theguardian.com,Male,Linkbuzz,"Emerson, MT",Accounting Assistant III
570,Julie,,jjordanft@seesaa.net,Female,Skipfire,"North Knoxville, AL",Professor
571,Stephen,Griffin,sgriffinfu@elegantthemes.com,Male,Dablist,"Momford Landing, IN",Registered Nurse
572,Phyllis,Thomas,pthomasfv@wiley.com,Female,Edgeblab,"Ipswich, IA",Editor
573,Judith,Patterson,jpattersonfw@prlog.org,Female,Youopia,"Storms, TX",Quality Control Specialist
574,Julie,Peterson,jpetersonfx@mashable.com,Female,Vimbo,"Kalauao, SD",Financial Analyst
575,Edward,Fowler,efowlerfy@scientificamerican.com,Male,Oyondu,"Farwell, FL",Accounting Assistant II
576,Dorothy,Owens,dowensfz@shop-pro.jp,Female,Voomm,"Brentwood Village, MT",VP Marketing
577,Stephanie,King,skingg0@printfriendly.com,Female,Mita,"Wilhelm Park, MT",VP Quality Control
578,Phillip,Evans,pevansg1@wikispaces.com,Male,Topicshots,"Bannister Acres, NC",Registered Nurse
579,Anthony,Riley,arileyg2@icq.com,Male,Abatz,"Bent Pine, VA",Actuary
580,Ryan,Stevens,rstevensg3@statcounter.com,Male,Katz,"Mitchell, AZ",Marketing Assistant
581,Roger,Jackson,rjacksong4@flavors.me,Male,Zoovu,"Social Circle, MO",Assistant Manager
582,Jessica,Kelly,jkellyg5@nps.gov,Female,Teklist,"Kreutzberg, NY",Web Designer III
583,Ryan,Lopez,rlopezg6@cloudflare.com,Male,Trilia,"Cimarron, WA",Web Designer III
584,Norma,Fernandez,nfernandezg7@nytimes.com,Female,Edgeblab,"Brookhaven, DC",Staff Scientist
585,Raymond,Watkins,rwatkinsg8@naver.com,Male,Skyba,"Montverde Junction, NJ",Staff Scientist
586,Lawrence,Franklin,lfrankling9@unicef.org,Male,Wordware,"Midland City, AK",Director of Sales
587,Carolyn,Baker,cbakerga@shop-pro.jp,Female,Buzzbean,"Sacramento, ME",Assistant Manager
588,Joshua,Carter,jcartergb@wordpress.org,Male,Kaymbo,"Del Rey Oaks, RI",Chemical Engineer
589,Douglas,Rogers,drogersgc@geocities.jp,Male,Kayveo,"Coal Creek, OK",Budget/Accounting Analyst III
590,Robert,Hill,rhillgd@apple.com,Male,DabZ,"Rabbitown, TN",Business Systems Development Analyst
591,Irene,,ifowlerge@tmall.com,Female,Yakidoo,"Fairland, GA",Accounting Assistant III
592,Bonnie,Daniels,bdanielsgf@ox.ac.uk,Female,Yadel,"Gaskil, DE",Accountant III
593,Walter,Mitchell,wmitchellgg@cnbc.com,Male,Kazio,"Morgan Mill, OK",Account Coordinator
594,Jeffrey,Nguyen,jnguyengh@tiny.cc,Male,Teklist,"Merrimac South, AL",Assistant Manager
595,Adam,Hart,ahartgi@creativecommons.org,Male,Gabtune,"Stanardsville, NH",Software Test Engineer III
596,Emily,Harris,eharrisgj@hp.com,Female,Feedmix,"Two Brooks, WI",Structural Analysis Engineer
597,Judy,Hart,jhartgk@google.com.au,Female,Tambee,"Curriers, NM",
598,Peter,Boyd,pboydgl@oaic.gov.au,Male,Browsebug,"Skookumchuck, VA",VP Marketing
599,Gregory,Williamson,gwilliamsongm@w3.org,Male,Feedbug,"Edgerton, RI",Project Manager
600,Roy,Foster,rfostergn@drupal.org,Male,Brainbox,"Slater, MO",Budget/Accounting Analyst I
601,Dorothy,Phillips,dphillipsgo@rakuten.co.jp,Female,Skyndu,"Warner, NH",Dental Hygienist
602,Sean,Garcia,sgarciagp@discovery.com,Male,Zava,"East Natchitoches, PA",Research Associate
603,Anna,Jacobs,ajacobsgq@i2i.jp,Female,Babblestorm,"Lyon, WV",Web Developer IV
604,Donna,Mendoza,dmendozagr@moonfruit.com,Female,Tambee,"Willow Run, IL",Legal Assistant
605,Steve,Wright,swrightgs@disqus.com,Male,Innojam,"Conyersville, AZ",Assistant Media Planner
606,Ruth,Chavez,rchavezgt@pagesperso-orange.fr,Female,Brightbean,"Mount Baker, NY",Community Outreach Specialist
607,Gary,Howell,ghowellgu@yahoo.com,Male,Gigaclub,"Farmington Lake, OK",Senior Quality Engineer
608,Daniel,Howard,dhowardgv@nih.gov,Male,Skiptube,"Martins Corner, TX",Help Desk Operator
609,Katherine,Jordan,kjordangw@addtoany.com,Female,Youfeed,"Pickerel Narrows, MT",Assistant Manager
610,Marilyn,Elliott,melliottgx@yellowbook.com,Female,Edgeify,"Willaha, OH",Database Administrator IV
611,Kelly,Gomez,kgomezgy@jalbum.net,Female,Voonyx,"Center, MA",Computer Systems Analyst I
612,Kelly,Mitchell,kmitchellgz@people.com.cn,Female,Feednation,"Spring City, MS",Marketing Assistant
613,Rose,Sullivan,rsullivanh0@nsw.gov.au,Female,Voonte,"Mittenlane, TX",Biostatistician III
614,Nancy,Ross,nrossh1@skype.com,Female,Skibox,"East Waterford, ME",Senior Sales Associate
615,Antonio,Schmidt,aschmidth2@java.com,Male,Skinder,"Coltman, WV",Automation Specialist I
616,Teresa,Edwards,tedwardsh3@chron.com,Female,Gigaclub,"Scottsville, KS",VP Product Management
617,Judith,Ryan,jryanh4@army.mil,Female,Dynazzy,"Hebron, AZ",Mechanical Systems Engineer
618,Deborah,Graham,dgrahamh5@amazon.co.jp,Female,Thoughtmix,"Longview, MA",Health Coach I
619,Tammy,Lewis,tlewish6@wp.com,Female,Plajo,"Emerson, MT",Research Associate
620,Christina,Harris,charrish7@trellian.com,Female,Mycat,"North Knoxville, AL",Help Desk Operator
621,Martin,Carter,mcarterh8@live.com,Male,Dabtype,"Momford Landing, IN",Database Administrator I
622,Sara,Peters,spetersh9@economist.com,Female,Talane,"Ipswich, IA",Professor
623,Kathleen,Cox,kcoxha@ezinearticles.com,Female,Yotz,"Storms, TX",VP Quality Control
624,Charles,Stanley,cstanleyhb@aol.com,Male,Centidel,"Kalauao, SD",Physical Therapy Assistant
625,Randy,Smith,rsmithhc@lycos.com,Male,Jabbercube,"Farwell, FL",
626,Albert,Moreno,amorenohd@salon.com,Male,Tazzy,"Brentwood Village, MT",Statistician II
627,Carl,Dixon,cdixonhe@shutterfly.com,Male,Zoombox,"Wilhelm Park, MT",VP Accounting
628,Denise,Carroll,dcarrollhf@utexas.edu,Female,Yakijo,"Bannister Acres, NC",Speech Pathologist
629,Ralph,Jordan,rjordanhg@multiply.com,Male,Brainverse,"Bent Pine, VA",Dental Hygienist
630,Harold,Moore,hmoorehh@soup.io,Male,Jatri,"Mitchell, AZ",Environmental Specialist
631,Kathryn,Burton,kburtonhi@ebay.co.uk,Female,Browsezoom,"Social Circle, MO",Registered Nurse
632,Matthew,Morgan,mmorganhj@alexa.com,Male,Fatz,"Kreutzberg, NY",Business Systems Development Analyst
633,Kathleen,Fox,kfoxhk@cornell.edu,Female,Meeveo,"Cimarron, WA",Health Coach IV
634,Ralph,Wood,rwoodhl@mashable.com,Male,Livepath,"Brookhaven, DC",Engineer IV
635,Ruby,Olson,rolsonhm@hexun.com,Female,Rooxo,"Montverde Junction, NJ",Payment Adjustment Coordinator
636,Earl,Jones,ejoneshn@storify.com,Male,Wordify,"Midland City, AK",Staff Accountant IV
637,Jessica,,jdixonho@blogs.com,Female,Skyble,"Sacramento, ME",Actuary
638,John,Holmes,jholmeshp@goodreads.com,Male,Yabox,"Del Rey Oaks, RI",Geologist II
639,Kelly,Simmons,ksimmonshq@freewebs.com,Female,Yakidoo,"Coal Creek, OK",Nuclear Power Engineer
640,John,Stevens,jstevenshr@wikia.com,Male,Edgeify,"Rabbitown, TN",Speech Pathologist
641,Randy,Moore,rmoorehs@hugedomains.com,Male,Jayo,"Fairland, GA",
642,Dennis,Knight,dknightht@ihg.com,Male,Aimbo,"Gaskil, DE",Professor
643,Kelly,Olson,kolsonhu@usa.gov,Female,Wikizz,"Morgan Mill, OK",Financial Advisor
644,Wanda,Thomas,wthomashv@blogtalkradio.com,Female,Zooxo,"Merrimac South, AL",Design Engineer
645,Russell,Stevens,rstevenshw@blogs.com,Male,Camido,"Stanardsville, NH",Staff Scientist
646,Timothy,Bishop,tbishophx@mit.edu,Male,Flipstorm,"Two Brooks, WI",Software Consultant
647,Donna,Nguyen,dnguyenhy@marriott.com,Female,Twitterbeat,"Curriers, NM",Software Test Engineer III
648,Bruce,Griffin,bgriffinhz@usa.gov,Male,Flashspan,"Skookumchuck, VA",Senior Sales Associate
649,Maria,Ray,mrayi0@howstuffworks.com,Female,Mynte,"Edgerton, RI",Human Resources Manager
650,Virginia,Rose,vrosei1@weather.com,Female,Brainsphere,"Slater, MO",Actuary
651,Michelle,Gardner,mgardneri2@chron.com,Female,Topiczoom,"Warner, NH",Statistician III
652,Mildred,Martinez,mmartinezi3@tripod.com,Female,Tekfly,"East Natchitoches, PA",Quality Engineer
653,Betty,Gonzales,bgonzalesi4@yahoo.com,Female,Nlounge,"Lyon, WV",Dental Hygienist
654,Teresa,Nelson,tnelsoni5@google.com.au,Female,Tambee,"Willow Run, IL",Editor
655,Carlos,Thompson,cthompsoni6@reddit.com,Male,Skimia,"Conyersville, AZ",Civil Engineer
656,Christine,Rivera,criverai7@storify.com,Female,Muxo,"Mount Baker, NY",Mechanical Systems Engineer
657,Joe,Reynolds,jreynoldsi8@bigcartel.com,Male,Oba,"Farmington Lake, OK",Physical Therapy Assistant
658,Joshua,Graham,jgrahami9@com.com,Male,Viva,"Martins Corner, TX",Biostatistician I
659,Emily,Flores,efloresia@tmall.com,Female,Bubbletube,"Pickerel Narrows, MT",Assistant Manager
660,Evelyn,Gray,egrayib@slate.com,Female,Tavu,"Willaha, OH",Help Desk Technician
661,Joshua,Hudson,jhudsonic@toplist.cz,Male,Eamia,"Center, MA",Teacher
662,Bobby,Hansen,bhansenid@theglobeandmail.com,Male,Oyonder,"Spring City, MS",Financial Advisor
663,Jeremy,Lopez,jlopezie@ezinearticles.com,Male,Quimba,"Mittenlane, TX",Programmer I
664,Pamela,Armstrong,parmstrongif@ameblo.jp,Female,Avamba,"East Waterford, ME",Dental Hygienist
665,Benjamin,Franklin,bfranklinig@ask.com,Male,Brainbox,"Coltman, WV",Cost Accountant
666,Steven,Wallace,swallaceih@patch.com,Male,Yakidoo,"Scottsville, KS",Biostatistician I
667,Howard,Stephens,hstephensii@newsvine.com,Male,Skibox,"Hebron, AZ",Actuary
668,Phillip,Stephens,pstephensij@arizona.edu,Male,Rhynyx,"Longview, MA",Engineer IV
669,Annie,Grant,agrantik@photobucket.com,Female,Gabvine,"Emerson, MT",Executive Secretary
670,Janice,Ortiz,jortizil@narod.ru,Female,Bubblebox,"North Knoxville, AL",Recruiter
671,Bobby,Morales,bmoralesim@ibm.com,Male,Roodel,"Momford Landing, IN",Librarian
672,Samuel,Rogers,srogersin@bloglines.com,Male,Zooveo,"Ipswich, IA",General Manager
673,William,Porter,wporterio@google.cn,Male,Geba,"Storms, TX",Assistant Media Planner
674,Earl,Peterson,epetersonip@foxnews.com,Male,Vinte,"Kalauao, SD",Recruiting Manager
675,Julie,Jackson,jjacksoniq@plala.or.jp,Female,LiveZ,"Farwell, FL",VP Sales
676,Tammy,Day,tdayir@indiatimes.com,Female,Skyble,"Brentwood Village, MT",Clinical Specialist
677,Jessica,Stewart,jstewartis@bigcartel.com,Female,Cogidoo,"Wilhelm Park, MT",Analog Circuit Design manager
678,Ashley,Payne,apayneit@businessweek.com,Female,Flashspan,"Bannister Acres, NC",Recruiter
679,Donald,Wagner,dwagneriu@china.com.cn,Male,Kanoodle,"Bent Pine, VA",Junior Executive
680,Jose,George,jgeorgeiv@weibo.com,Male,Brainsphere,"Mitchell, AZ",Help Desk Operator
681,Howard,Long,hlongiw@tinyurl.com,Male,Riffpedia,"Social Circle, MO",Research Associate
682,Timothy,Porter,tporterix@gizmodo.com,Male,Lazz,"Kreutzberg, NY",Automation Specialist IV
683,Billy,Martinez,bmartineziy@parallels.com,Male,Wikizz,"Cimarron, WA",Tax Accountant
684,Mildred,Vasquez,mvasqueziz@goodreads.com,Female,Youopia,"Brookhaven, DC",Chief Design Engineer
685,Margaret,Berry,mberryj0@nhs.uk,Female,Photobean,"Montverde Junction, NJ",Compensation Analyst
686,Louis,Rodriguez,lrodriguezj1@mapy.cz,Male,Wikibox,"Midland City, AK",Graphic Designer
687,Jeffrey,Gomez,jgomezj2@deliciousdays.com,Male,Zooveo,"Sacramento, ME",
688,Pamela,Wells,pwellsj3@spotify.com,Female,Wordify,"Del Rey Oaks, RI",Staff Scientist
689,Rose,Little,rlittlej4@liveinternet.ru,Female,Riffwire,"Coal Creek, OK",Human Resources Assistant II
690,Russell,Parker,rparkerj5@berkeley.edu,Male,Babbleset,"Rabbitown, TN",Tax Accountant
691,Jeffrey,Gilbert,jgilbertj6@exblog.jp,Male,Agivu,"Fairland, GA",Data Coordiator
692,Steve,Reid,sreidj7@typepad.com,Male,Kwimbee,"Gaskil, DE",Environmental Tech
693,Lillian,Howard,lhowardj8@earthlink.net,Female,Twiyo,"Morgan Mill, OK",Executive Secretary
694,Alice,Dunn,adunnj9@acquirethisname.com,Female,Tavu,"Merrimac South, AL",Assistant Media Planner
695,Louis,Cunningham,lcunninghamja@scribd.com,Male,Riffpedia,"Stanardsville, NH",Nurse Practicioner
696,Anthony,Hanson,ahansonjb@ycombinator.com,Male,Tagopia,"Two Brooks, WI",Pharmacist
697,Anthony,Griffin,agriffinjc@cyberchimps.com,Male,Edgeclub,"Curriers, NM",Analog Circuit Design manager
698,Doris,Powell,dpowelljd@trellian.com,Female,Zoonoodle,"Skookumchuck, VA",Legal Assistant
699,Martha,Payne,mpayneje@meetup.com,Female,Linkbridge,"Edgerton, RI",Web Developer IV
700,Tina,Jacobs,tjacobsjf@aboutads.info,Female,Oyoloo,"Slater, MO",Sales Associate
701,Anna,Stephens,astephensjg@reverbnation.com,Female,Thoughtbeat,"Warner, NH",Physical Therapy Assistant
702,Christina,Ramirez,cramirezjh@youku.com,Female,Skibox,"East Natchitoches, PA",Chemical Engineer
703,Evelyn,Ramos,eramosji@123-reg.co.uk,Female,Voolia,"Lyon, WV",Executive Secretary
704,Frances,Meyer,fmeyerjj@blogtalkradio.com,Female,Gabspot,"Willow Run, IL",
705,Clarence,Hunter,chunterjk@scribd.com,Male,Tazz,"Conyersville, AZ",Quality Engineer
706,Bonnie,Turner,bturnerjl@independent.co.uk,Female,Skinder,"Mount Baker, NY",Software Engineer III
707,Willie,Bryant,wbryantjm@webs.com,Male,Skyble,"Farmington Lake, OK",Food Chemist
708,Justin,Wagner,jwagnerjn@diigo.com,Male,Brainlounge,"Martins Corner, TX",Structural Engineer
709,Kathleen,Howard,khowardjo@discovery.com,Female,Meevee,"Pickerel Narrows, MT",Geologist IV
710,Jean,Wagner,jwagnerjp@biblegateway.com,Female,Jetwire,"Willaha, OH",
711,Jack,Schmidt,jschmidtjq@google.co.uk,Male,Buzzster,"Center, MA",Biostatistician I
712,Louise,,lwilliamsjr@flavors.me,Female,Thoughtworks,"Spring City, MS",
713,Brian,Jacobs,bjacobsjs@ovh.net,Male,Jaxbean,"Mittenlane, TX",Software Test Engineer IV
714,Kimberly,Robinson,krobinsonjt@deviantart.com,Female,Youopia,"East Waterford, ME",Financial Analyst
715,Aaron,Long,alongju@cornell.edu,Male,Kamba,"Coltman, WV",Registered Nurse
716,Randy,Nichols,rnicholsjv@narod.ru,Male,Oyonder,"Scottsville, KS",Civil Engineer
717,Sarah,Spencer,sspencerjw@cdbaby.com,Female,Quimm,"Hebron, AZ",Engineer III
718,Pamela,Hall,phalljx@imdb.com,Female,Camimbo,"Longview, MA",Marketing Manager
719,Marilyn,Oliver,moliverjy@studiopress.com,Female,Tagfeed,"Emerson, MT",Pharmacist
720,Robin,Boyd,rboydjz@comsenz.com,Female,Dazzlesphere,"North Knoxville, AL",Sales Associate
721,Billy,Ross,brossk0@upenn.edu,Male,Skilith,"Momford Landing, IN",Associate Professor
722,Jennifer,Walker,jwalkerk1@taobao.com,Female,Yodoo,"Ipswich, IA",Web Designer III
723,Wanda,Flores,wfloresk2@army.mil,Female,Jabberstorm,"Storms, TX",Staff Scientist
724,Kathryn,Schmidt,kschmidtk3@imgur.com,Female,Aimbu,"Kalauao, SD",Project Manager
725,Gary,Woods,gwoodsk4@cbsnews.com,Male,Realfire,"Farwell, FL",Analyst Programmer
726,Walter,Griffin,wgriffink5@goo.ne.jp,Male,Twimbo,"Brentwood Village, MT",Director of Sales
727,Robert,Brooks,rbrooksk6@amazon.co.uk,Male,Ntag,"Wilhelm Park, MT",Staff Scientist
728,Samuel,Spencer,sspencerk7@flickr.com,Male,Kazio,"Bannister Acres, NC",Biostatistician II
729,Anthony,Dunn,adunnk8@sourceforge.net,Male,Eabox,"Bent Pine, VA",Sales Representative
730,Shirley,Peters,spetersk9@rediff.com,Female,Trilia,"Mitchell, AZ",Executive Secretary
731,Janice,Mason,jmasonka@123-reg.co.uk,Female,Zoomcast,"Social Circle, MO",Software Consultant
732,Judith,Price,jpricekb@ox.ac.uk,Female,Quinu,"Kreutzberg, NY",
733,Kathy,Hill,khillkc@cloudflare.com,Female,Zoomzone,"Cimarron, WA",Associate Professor
734,Andrea,Spencer,aspencerkd@archive.org,Female,Twitterlist,"Brookhaven, DC",Technical Writer
735,Mark,Howard,mhowardke@irs.gov,Male,Jabbersphere,"Montverde Junction, NJ",Assistant Professor
736,Douglas,Ryan,dryankf@thetimes.co.uk,Male,Photobean,"Midland City, AK",Cost Accountant
737,Joseph,Morales,jmoraleskg@pagesperso-orange.fr,Male,Twinder,"Sacramento, ME",Food Chemist
738,Brenda,Stevens,bstevenskh@dmoz.org,Female,Bubblebox,"Del Rey Oaks, RI",VP Marketing
739,Craig,Lane,claneki@is.gd,Male,Vimbo,"Coal Creek, OK",Data Coordiator
740,Jack,Owens,jowenskj@epa.gov,Male,Browsecat,"Rabbitown, TN",Clinical Specialist
741,Thomas,,tfowlerkk@mysql.com,Male,Mita,"Fairland, GA",Administrative Assistant III
742,Brenda,Hart,bhartkl@wikispaces.com,Female,Camido,"Gaskil, DE",Nurse
743,Willie,Hudson,whudsonkm@google.cn,Male,Muxo,"Morgan Mill, OK",Director of Sales
744,Helen,Welch,hwelchkn@admin.ch,Female,Demimbu,"Merrimac South, AL",Electrical Engineer
745,Phillip,Welch,pwelchko@theguardian.com,Male,Ainyx,"Stanardsville, NH",Food Chemist
746,Benjamin,White,bwhitekp@oracle.com,Male,Riffpedia,"Two Brooks, WI",Senior Quality Engineer
747,Joseph,Gonzalez,jgonzalezkq@jalbum.net,Male,Realmix,"Curriers, NM",Assistant Media Planner
748,Stephanie,Lane,slanekr@last.fm,Female,Kwinu,"Skookumchuck, VA",Project Manager
749,John,Cooper,jcooperks@yolasite.com,Male,Oozz,"Edgerton, RI",Tax Accountant
750,Justin,Peterson,jpetersonkt@amazon.de,Male,Yabox,"Slater, MO",Librarian
751,Juan,Stevens,jstevensku@sbwire.com,Male,Quinu,"Warner, NH",Senior Financial Analyst
752,Martha,Warren,mwarrenkv@home.pl,Female,Youopia,"East Natchitoches, PA",Administrative Assistant I
753,Jerry,Cooper,jcooperkw@wix.com,Male,Thoughtblab,"Lyon, WV",Quality Engineer
754,Laura,,ldanielskx@ow.ly,Female,Youspan,"Willow Run, IL",Clinical Specialist
755,Clarence,Harrison,charrisonky@woothemes.com,Male,Bluezoom,"Conyersville, AZ",Product Engineer
756,Virginia,Rose,vrosekz@hexun.com,Female,Flashpoint,"Mount Baker, NY",Structural Analysis Engineer
757,Raymond,Lopez,rlopezl0@goo.ne.jp,Male,Kazu,"Farmington Lake, OK",Internal Auditor
758,Lillian,Sanders,lsandersl1@msu.edu,Female,Jaxnation,"Martins Corner, TX",Compensation Analyst
759,Wanda,Jenkins,wjenkinsl2@shareasale.com,Female,Realblab,"Pickerel Narrows, MT",Registered Nurse
760,Rose,Cox,rcoxl3@mapy.cz,Female,LiveZ,"Willaha, OH",Research Associate
761,Scott,Coleman,scolemanl4@amazon.de,Male,Skyndu,"Center, MA",Tax Accountant
762,Brandon,Martinez,bmartinezl5@netlog.com,Male,Roomm,"Spring City, MS",Product Engineer
763,Shirley,Perry,sperryl6@examiner.com,Female,Dablist,"Mittenlane, TX",VP Marketing
764,Lori,Ryan,lryanl7@nationalgeographic.com,Female,Eadel,"East Waterford, ME",Human Resources Manager
765,Shawn,Hunt,shuntl8@cbc.ca,Male,Thoughtworks,"Coltman, WV",Data Coordiator
766,Emily,Cruz,ecruzl9@shutterfly.com,Female,Skaboo,"Scottsville, KS",Compensation Analyst
767,Lois,Nelson,lnelsonla@tumblr.com,Female,Flipopia,"Hebron, AZ",Recruiter
768,Kimberly,Day,kdaylb@weather.com,Female,Tagcat,"Longview, MA",Legal Assistant
769,Fred,Dixon,fdixonlc@woothemes.com,Male,Rooxo,"Emerson, MT",Registered Nurse
770,Joe,Lawrence,jlawrenceld@skype.com,Male,Devshare,"North Knoxville, AL",Senior Sales Associate
771,Martin,Mendoza,mmendozale@blog.com,Male,Jabbersphere,"Momford Landing, IN",Director of Sales
772,Sharon,Morris,smorrislf@va.gov,Female,Devcast,"Ipswich, IA",Editor
773,Benjamin,Frazier,bfrazierlg@nsw.gov.au,Male,Meezzy,"Storms, TX",
774,Harry,Kim,hkimlh@bigcartel.com,Male,Cogidoo,"Kalauao, SD",Executive Secretary
775,Elizabeth,Barnes,ebarnesli@usatoday.com,Female,Buzzshare,"Farwell, FL",Tax Accountant
776,Katherine,Vasquez,kvasquezlj@blogger.com,Female,Fivechat,"Brentwood Village, MT",Recruiting Manager
777,Cheryl,Hansen,chansenlk@lulu.com,Female,Myworks,"Wilhelm Park, MT",Operator
778,Christina,Hughes,chughesll@alexa.com,Female,Skiptube,"Bannister Acres, NC",Assistant Manager
779,Johnny,Moore,jmoorelm@lycos.com,Male,Zoombeat,"Bent Pine, VA",Database Administrator III
780,Jean,Wells,jwellsln@linkedin.com,Female,Jabbercube,"Mitchell, AZ",Information Systems Manager
781,Linda,Green,lgreenlo@apache.org,Female,Devbug,"Social Circle, MO",Community Outreach Specialist
782,Judy,Johnson,jjohnsonlp@ox.ac.uk,Female,Topiczoom,"Kreutzberg, NY",
783,Ryan,Chavez,rchavezlq@shinystat.com,Male,Jabbertype,"Cimarron, WA",Speech Pathologist
784,Terry,Sanders,tsanderslr@va.gov,Male,Gigabox,"Brookhaven, DC",Programmer II
785,Benjamin,Ferguson,bfergusonls@squarespace.com,Male,Dabtype,"Montverde Junction, NJ",Engineer IV
786,Harold,Roberts,hrobertslt@usda.gov,Male,Nlounge,"Midland City, AK",Marketing Manager
787,Sara,Larson,slarsonlu@posterous.com,Female,Yodel,"Sacramento, ME",Research Assistant I
788,Judith,Gray,jgraylv@mayoclinic.com,Female,Fatz,"Del Rey Oaks, RI",Staff Accountant III
789,Albert,Warren,awarrenlw@xing.com,Male,Photolist,"Coal Creek, OK",Administrative Officer
790,Jack,Jones,jjoneslx@mysql.com,Male,Gigashots,"Rabbitown, TN",Account Coordinator
791,Pamela,Foster,pfosterly@feedburner.com,Female,Realmix,"Fairland, GA",Administrative Officer
792,Jeffrey,Gomez,jgomezlz@phoca.cz,Male,Zooxo,"Gaskil, DE",Account Executive
793,James,Ruiz,jruizm0@biblegateway.com,Male,Rhynoodle,"Morgan Mill, OK",Assistant Media Planner
794,Raymond,Peters,rpetersm1@domainmarket.com,Male,Jamia,"Merrimac South, AL",Paralegal
795,Roy,Davis,rdavism2@discuz.net,Male,Livetube,"Stanardsville, NH",Teacher
796,Denise,Harrison,dharrisonm3@hatena.ne.jp,Female,Jaxspan,"Two Brooks, WI",VP Marketing
797,Larry,Cole,lcolem4@amazonaws.com,Male,Gabtune,"Curriers, NM",Sales Representative
798,Laura,Gonzalez,lgonzalezm5@yellowbook.com,Female,Thoughtbridge,"Skookumchuck, VA",VP Quality Control
799,Melissa,Perez,mperezm6@imageshack.us,Female,Lazzy,"Edgerton, RI",Web Designer III
800,Kevin,Ramirez,kramirezm7@usatoday.com,Male,Twitterwire,"Slater, MO",Nurse Practicioner
801,Ernest,Reynolds,ereynoldsm8@symantec.com,Male,Chatterbridge,"Warner, NH",Social Worker
802,Jack,Stanley,jstanleym9@eepurl.com,Male,Rhycero,"East Natchitoches, PA",Financial Advisor
803,Craig,Diaz,cdiazma@tinyurl.com,Male,Topdrive,"Lyon, WV",
804,Peter,Harvey,pharveymb@zimbio.com,Male,Flipopia,"Willow Run, IL",Developer I
805,Matthew,Ferguson,mfergusonmc@over-blog.com,Male,Omba,"Conyersville, AZ",Office Assistant II
806,Ann,Chapman,achapmanmd@bbb.org,Female,Voonder,"Mount Baker, NY",Administrative Officer
807,Benjamin,Murphy,bmurphyme@ihg.com,Male,Feedspan,"Farmington Lake, OK",Quality Engineer
808,Edward,Welch,ewelchmf@comsenz.com,Male,Browsecat,"Martins Corner, TX",Software Test Engineer IV
809,Katherine,West,kwestmg@multiply.com,Female,Devpulse,"Pickerel Narrows, MT",Safety Technician II
810,Wayne,Gomez,wgomezmh@biglobe.ne.jp,Male,Linktype,"Willaha, OH",Mechanical Systems Engineer
811,Lillian,Hawkins,lhawkinsmi@washington.edu,Female,Latz,"Center, MA",Systems Administrator I
812,Jose,Stanley,jstanleymj@github.com,Male,Meetz,"Spring City, MS",Community Outreach Specialist
813,Jesse,Fisher,jfishermk@washingtonpost.com,Male,Twitterlist,"Mittenlane, TX",Developer III
814,Susan,Montgomery,smontgomeryml@si.edu,Female,Tavu,"East Waterford, ME",Assistant Media Planner
815,Ruby,Reyes,rreyesmm@1688.com,Female,Tagopia,"Coltman, WV",Account Coordinator
816,Jacqueline,Watson,jwatsonmn@geocities.com,Female,Ooba,"Scottsville, KS",Account Executive
817,Harry,Collins,hcollinsmo@zdnet.com,Male,Rhycero,"Hebron, AZ",
818,Melissa,Ramos,mramosmp@odnoklassniki.ru,Female,Pixonyx,"Longview, MA",VP Sales
819,Theresa,Morrison,tmorrisonmq@ocn.ne.jp,Female,Innotype,"Emerson, MT",Research Associate
820,Nicole,Burns,nburnsmr@home.pl,Female,Dynabox,"North Knoxville, AL",Account Coordinator
821,Julie,,jmontgomeryms@geocities.com,Female,JumpXS,"Momford Landing, IN",Physical Therapy Assistant
822,Aaron,George,ageorgemt@nbcnews.com,Male,Topicstorm,"Ipswich, IA",Senior Quality Engineer
823,Edward,Morris,emorrismu@exblog.jp,Male,Gigabox,"Storms, TX",Design Engineer
824,Doris,Fowler,dfowlermv@booking.com,Female,Devify,"Kalauao, SD",Executive Secretary
825,Denise,Ellis,dellismw@flickr.com,Female,Fatz,"Farwell, FL",Assistant Media Planner
826,Susan,Bell,sbellmx@scribd.com,Female,Rhynoodle,"Brentwood Village, MT",VP Quality Control
827,Antonio,Morgan,amorganmy@opera.com,Male,Browseblab,"Wilhelm Park, MT",Assistant Manager
828,Ann,Lopez,alopezmz@squidoo.com,Female,Topiclounge,"Bannister Acres, NC",Web Designer I
829,Paul,Robinson,probinsonn0@about.me,Male,Buzzdog,"Bent Pine, VA",Community Outreach Specialist
830,Kathleen,Frazier,kfraziern1@deviantart.com,Female,Kanoodle,"Mitchell, AZ",Product Engineer
831,Howard,Hughes,hhughesn2@nydailynews.com,Male,Roodel,"Social Circle, MO",Teacher
832,Eugene,Barnes,ebarnesn3@cyberchimps.com,Male,Tazzy,"Kreutzberg, NY",Financial Analyst
833,Ryan,Taylor,rtaylorn4@ca.gov,Male,Oozz,"Cimarron, WA",Programmer III
834,Alice,Martinez,amartinezn5@aol.com,Female,Wikido,"Brookhaven, DC",Dental Hygienist
835,Anna,Morales,amoralesn6@ehow.com,Female,Yabox,"Montverde Junction, NJ",General Manager
836,Carl,Hudson,chudsonn7@yellowbook.com,Male,Photofeed,"Midland City, AK",Administrative Officer
837,Stephen,Henry,shenryn8@theglobeandmail.com,Male,Lazzy,"Sacramento, ME",Assistant Manager
838,Rebecca,Ward,rwardn9@bigcartel.com,Female,Rhynoodle,"Del Rey Oaks, RI",Registered Nurse
839,William,Gilbert,wgilbertna@wsj.com,Male,Meezzy,"Coal Creek, OK",Account Coordinator
840,Ruby,Tucker,rtuckernb@twitpic.com,Female,Tagpad,"Rabbitown, TN",Senior Financial Analyst
841,Nancy,Freeman,nfreemannc@statcounter.com,Female,Tazz,"Fairland, GA",Human Resources Manager
842,William,Schmidt,wschmidtnd@privacy.gov.au,Male,Leenti,"Gaskil, DE",Biostatistician III
843,William,Reynolds,wreynoldsne@ebay.co.uk,Male,Photobug,"Morgan Mill, OK",Recruiting Manager
844,Kathy,Frazier,kfraziernf@sbwire.com,Female,Topicware,"Merrimac South, AL",Information Systems Manager
845,Amanda,Lane,alaneng@wikipedia.org,Female,Wikibox,"Stanardsville, NH",Web Designer II
846,Anthony,Tucker,atuckernh@google.de,Male,Zoozzy,"Two Brooks, WI",Programmer I
847,Timothy,Jones,tjonesni@google.es,Male,Fivechat,"Curriers, NM",Programmer Analyst II
848,Lillian,Payne,lpaynenj@wired.com,Female,Einti,"Skookumchuck, VA",Administrative Officer
849,Andrea,Graham,agrahamnk@amazonaws.com,Female,Wordtune,"Edgerton, RI",GIS Technical Architect
850,Jeffrey,James,jjamesnl@harvard.edu,Male,Trudoo,"Slater, MO",Senior Sales Associate
851,Mark,Chavez,mchaveznm@dot.gov,Male,DabZ,"Warner, NH",Research Nurse
852,Lawrence,Reed,lreednn@si.edu,Male,Nlounge,"East Natchitoches, PA",VP Sales
853,Tammy,Sanders,tsandersno@newyorker.com,Female,Photobug,"Lyon, WV",Director of Sales
854,Keith,Harrison,kharrisonnp@omniture.com,Male,Jayo,"Willow Run, IL",Staff Scientist
855,Ashley,Hicks,ahicksnq@wp.com,Female,Fivespan,"Conyersville, AZ",
856,Katherine,Ford,kfordnr@bloomberg.com,Female,Edgeify,"Mount Baker, NY",Physical Therapy Assistant
857,Walter,Scott,wscottns@elegantthemes.com,Male,Aivee,"Farmington Lake, OK",Information Systems Manager
858,Norma,Scott,nscottnt@telegraph.co.uk,Female,Kaymbo,"Martins Corner, TX",Media Manager IV
859,Peter,Williams,pwilliamsnu@independent.co.uk,Male,Jayo,"Pickerel Narrows, MT",Software Consultant
860,Ann,Jackson,ajacksonnv@facebook.com,Female,Bluejam,"Willaha, OH",Compensation Analyst
861,Sandra,Fernandez,sfernandeznw@wisc.edu,Female,Gevee,"Center, MA",Database Administrator IV
862,Marilyn,Edwards,medwardsnx@mediafire.com,Female,Feedmix,"Spring City, MS",Software Consultant
863,Antonio,Russell,arussellny@tripod.com,Male,Dablist,"Mittenlane, TX",Speech Pathologist
864,Lori,Reed,lreednz@gizmodo.com,Female,Voomm,"East Waterford, ME",VP Sales
865,Roy,Vasquez,rvasquezo0@google.com,Male,Realpoint,"Coltman, WV",Data Coordiator
866,Timothy,Tucker,ttuckero1@vkontakte.ru,Male,Fivespan,"Scottsville, KS",Technical Writer
867,Carl,Stewart,cstewarto2@nasa.gov,Male,Zoombeat,"Hebron, AZ",VP Product Management
868,Harry,Nguyen,hnguyeno3@vkontakte.ru,Male,InnoZ,"Longview, MA",VP Quality Control
869,Paula,Marshall,pmarshallo4@goo.gl,Female,Tagtune,"Emerson, MT",Financial Advisor
870,Phyllis,Ruiz,pruizo5@jiathis.com,Female,Vipe,"North Knoxville, AL",Software Consultant
871,Richard,Knight,rknighto6@xrea.com,Male,Babbleopia,"Momford Landing, IN",Software Test Engineer I
872,Cheryl,Kelley,ckelleyo7@abc.net.au,Female,Nlounge,"Ipswich, IA",Nurse Practicioner
873,Diana,Fisher,dfishero8@icq.com,Female,Flashdog,"Storms, TX",Help Desk Technician
874,Mildred,Watson,mwatsono9@bluehost.com,Female,Rhynyx,"Kalauao, SD",Editor
875,Carl,King,ckingoa@cam.ac.uk,Male,Innotype,"Farwell, FL",Payment Adjustment Coordinator
876,Ralph,,rrodriguezob@hugedomains.com,Male,Mybuzz,"Brentwood Village, MT",Project Manager
877,Michael,Ferguson,mfergusonoc@msu.edu,Male,Meejo,"Wilhelm Park, MT",Librarian
878,Kelly,Morris,kmorrisod@jalbum.net,Female,Divavu,"Bannister Acres, NC",Environmental Specialist
879,Scott,Burns,sburnsoe@chicagotribune.com,Male,Jabberstorm,"Bent Pine, VA",Data Coordiator
880,Cheryl,Henry,chenryof@upenn.edu,Female,Zava,"Mitchell, AZ",Data Coordiator
881,Carlos,Mitchell,cmitchellog@unblog.fr,Male,Dabtype,"Social Circle, MO",Human Resources Assistant III
882,Patrick,Parker,pparkeroh@loc.gov,Male,Skinte,"Kreutzberg, NY",Editor
883,Linda,Black,lblackoi@ebay.co.uk,Female,Camido,"Cimarron, WA",Structural Analysis Engineer
884,Betty,Vasquez,bvasquezoj@forbes.com,Female,Topdrive,"Brookhaven, DC",Social Worker
885,Richard,Hill,rhillok@sakura.ne.jp,Male,Devify,"Montverde Junction, NJ",Research Assistant III
886,Gary,Wilson,gwilsonol@fotki.com,Male,Meemm,"Midland City, AK",Administrative Officer
887,Christine,Taylor,ctaylorom@reddit.com,Female,Mybuzz,"Sacramento, ME",Media Manager III
888,Kimberly,George,kgeorgeon@ucsd.edu,Female,Skipfire,"Del Rey Oaks, RI",Nurse Practicioner
889,Irene,Jordan,ijordanoo@altervista.org,Female,Kwinu,"Coal Creek, OK",Geologist IV
890,Laura,Evans,levansop@about.me,Female,Eire,"Rabbitown, TN",Automation Specialist III
891,Christine,Rodriguez,crodriguezoq@linkedin.com,Female,Meemm,"Fairland, GA",Technical Writer
892,Jennifer,Henry,jhenryor@exblog.jp,Female,Jetpulse,"Gaskil, DE",Speech Pathologist
893,Ryan,Carpenter,rcarpenteros@netlog.com,Male,Ntags,"Morgan Mill, OK",Senior Quality Engineer
894,Michelle,Henry,mhenryot@nationalgeographic.com,Female,Realblab,"Merrimac South, AL",Nurse
895,Joyce,Brooks,jbrooksou@reference.com,Female,Zoonder,"Stanardsville, NH",Teacher
896,Aaron,Hill,ahillov@state.tx.us,Male,Rhybox,"Two Brooks, WI",Developer III
897,Jane,Palmer,jpalmerow@cbc.ca,Female,Oyoyo,"Curriers, NM",Account Coordinator
898,William,Greene,wgreeneox@upenn.edu,Male,Ailane,"Skookumchuck, VA",VP Product Management
899,Mary,Kim,mkimoy@php.net,Female,Realcube,"Edgerton, RI",Senior Cost Accountant
900,Harold,Ward,hwardoz@constantcontact.com,Male,Voolith,"Slater, MO",Senior Sales Associate
901,Jonathan,Evans,jevansp0@fc2.com,Male,Thoughtstorm,"Warner, NH",Payment Adjustment Coordinator
902,Bruce,Butler,bbutlerp1@ft.com,Male,Riffpath,"East Natchitoches, PA",Graphic Designer
903,Larry,Brooks,lbrooksp2@squidoo.com,Male,Voonder,"Lyon, WV",Staff Accountant IV
904,Ryan,Matthews,rmatthewsp3@github.io,Male,Gabtype,"Willow Run, IL",Environmental Tech
905,Lois,Griffin,lgriffinp4@blog.com,Female,Kare,"Conyersville, AZ",Senior Editor
906,Fred,Romero,fromerop5@ocn.ne.jp,Male,Cogidoo,"Mount Baker, NY",Geologist IV
907,Tina,Marshall,tmarshallp6@livejournal.com,Female,Jabbercube,"Farmington Lake, OK",Environmental Tech
908,Gerald,Bennett,gbennettp7@e-recht24.de,Male,Tagfeed,"Martins Corner, TX",VP Accounting
909,Lillian,Dean,ldeanp8@is.gd,Female,Flashdog,"Pickerel Narrows, MT",Financial Analyst
910,Sarah,Elliott,selliottp9@cdc.gov,Female,Browsezoom,"Willaha, OH",VP Quality Control
911,Sean,Ray,sraypa@macromedia.com,Male,Eidel,"Center, MA",Product Engineer
912,Helen,Wallace,hwallacepb@irs.gov,Female,Ailane,"Spring City, MS",Recruiting Manager
913,Pamela,Henry,phenrypc@csmonitor.com,Female,Jetpulse,"Mittenlane, TX",Technical Writer
914,Stephen,Lee,sleepd@newsvine.com,Male,Tagchat,"East Waterford, ME",Teacher
915,Jennifer,Hamilton,jhamiltonpe@netlog.com,Female,Meedoo,"Coltman, WV",General Manager
916,William,Jordan,wjordanpf@reuters.com,Male,Kayveo,"Scottsville, KS",Chemical Engineer
917,John,Morrison,jmorrisonpg@sfgate.com,Male,Skyble,"Hebron, AZ",Director of Sales
918,Howard,Foster,hfosterph@reuters.com,Male,Zoomcast,"Longview, MA",Research Nurse
919,Tina,Snyder,tsnyderpi@xing.com,Female,Brightdog,"Emerson, MT",Assistant Manager
920,Martin,Williams,mwilliamspj@dailymail.co.uk,Male,Kanoodle,"North Knoxville, AL",Recruiting Manager
921,Jason,Black,jblackpk@addthis.com,Male,Trupe,"Momford Landing, IN",Assistant Media Planner
922,Sandra,Frazier,sfrazierpl@surveymonkey.com,Female,Ainyx,"Ipswich, IA",Operator
923,Carlos,Patterson,cpattersonpm@geocities.com,Male,Wikibox,"Storms, TX",Quality Engineer
924,Shirley,Foster,sfosterpn@unc.edu,Female,Dynava,"Kalauao, SD",Environmental Tech
925,Phyllis,Mccoy,pmccoypo@apache.org,Female,Quire,"Farwell, FL",Software Engineer II
926,Steven,Robinson,srobinsonpp@51.la,Male,Kare,"Brentwood Village, MT",Occupational Therapist
927,Robert,Peterson,rpetersonpq@shop-pro.jp,Male,Skidoo,"Wilhelm Park, MT",Electrical Engineer
928,Kathleen,Burns,kburnspr@gizmodo.com,Female,Oozz,"Bannister Acres, NC",Senior Developer
929,Rebecca,Day,rdayps@tumblr.com,Female,Thoughtsphere,"Bent Pine, VA",Statistician III
930,Frances,Sullivan,fsullivanpt@yellowbook.com,Female,Janyx,"Mitchell, AZ",Account Representative IV
931,Julie,Lee,jleepu@techcrunch.com,Female,Jaxspan,"Social Circle, MO",Nuclear Power Engineer
932,William,Knight,wknightpv@jalbum.net,Male,Rooxo,"Kreutzberg, NY",Biostatistician I
933,Kenneth,Ward,kwardpw@canalblog.com,Male,Wordtune,"Cimarron, WA",Human Resources Assistant II
934,Rachel,Bowman,rbowmanpx@mtv.com,Female,Zava,"Brookhaven, DC",
935,Anne,Cooper,acooperpy@barnesandnoble.com,Female,Youspan,"Montverde Junction, NJ",Environmental Specialist
936,Chris,Greene,cgreenepz@desdev.cn,Male,Thoughtbeat,"Midland City, AK",Assistant Professor
937,Julia,Crawford,jcrawfordq0@multiply.com,Female,Flashspan,"Sacramento, ME",General Manager
938,Steven,Sullivan,ssullivanq1@a8.net,Male,Livetube,"Del Rey Oaks, RI",Financial Advisor
939,Judith,Mendoza,jmendozaq2@wufoo.com,Female,Quinu,"Coal Creek, OK",Web Designer II
940,Steve,Henry,shenryq3@yolasite.com,Male,Fliptune,"Rabbitown, TN",Clinical Specialist
941,Wanda,Stone,wstoneq4@phpbb.com,Female,Centimia,"Fairland, GA",
942,Cynthia,Cruz,ccruzq5@dion.ne.jp,Female,Voomm,"Gaskil, DE",Operator
943,Craig,Meyer,cmeyerq6@ox.ac.uk,Male,Gevee,"Morgan Mill, OK",Human Resources Assistant III
944,Helen,Webb,hwebbq7@lycos.com,Female,Ainyx,"Merrimac South, AL",Legal Assistant
945,Catherine,Shaw,cshawq8@domainmarket.com,Female,Skilith,"Stanardsville, NH",Administrative Assistant III
946,Terry,Lane,tlaneq9@miibeian.gov.cn,Male,Demimbu,"Two Brooks, WI",Human Resources Manager
947,Billy,Garrett,bgarrettqa@ning.com,Male,Tavu,"Curriers, NM",Financial Advisor
948,Thomas,,twheelerqb@odnoklassniki.ru,Male,Edgetag,"Skookumchuck, VA",Editor
949,Lois,Turner,lturnerqc@ning.com,Female,Zoomdog,"Edgerton, RI",Senior Editor
950,Bruce,Mendoza,bmendozaqd@squarespace.com,Male,Wikido,"Slater, MO",Assistant Media Planner
951,Juan,Foster,jfosterqe@unicef.org,Male,Innotype,"Warner, NH",Research Associate
952,Jacqueline,Hall,jhallqf@google.co.jp,Female,Flashpoint,"East Natchitoches, PA",Sales Associate
953,Catherine,Mendoza,cmendozaqg@cargocollective.com,Female,Linktype,"Lyon, WV",Financial Analyst
954,Carol,Dunn,cdunnqh@bloglines.com,Female,Kimia,"Willow Run, IL",Design Engineer
955,Dennis,Weaver,dweaverqi@youku.com,Male,Brainbox,"Conyersville, AZ",Marketing Assistant
956,Daniel,Greene,dgreeneqj@woothemes.com,Male,Brainbox,"Mount Baker, NY",Budget/Accounting Analyst IV
957,Doris,Morrison,dmorrisonqk@jigsy.com,Female,Zava,"Farmington Lake, OK",Project Manager
958,Catherine,Woods,cwoodsql@digg.com,Female,Flipopia,"Martins Corner, TX",VP Marketing
959,Dennis,Alvarez,dalvarezqm@creativecommons.org,Male,Trilia,"Pickerel Narrows, MT",Teacher
960,Jane,Davis,jdavisqn@amazon.co.jp,Female,Skilith,"Willaha, OH",Chemical Engineer
961,Jacqueline,Medina,jmedinaqo@xrea.com,Female,Realfire,"Center, MA",Assistant Manager
962,Marilyn,Bennett,mbennettqp@hp.com,Female,Vimbo,"Spring City, MS",VP Accounting
963,Justin,,jgordonqq@yellowpages.com,Male,Skippad,"Mittenlane, TX",Software Test Engineer II
964,Paula,Watkins,pwatkinsqr@disqus.com,Female,Voonix,"East Waterford, ME",Graphic Designer
965,Richard,Arnold,rarnoldqs@wikia.com,Male,Aivee,"Coltman, WV",Physical Therapy Assistant
966,Richard,Hall,rhallqt@unblog.fr,Male,Oba,"Scottsville, KS",Quality Engineer
967,Willie,Henry,whenryqu@abc.net.au,Male,Skinder,"Hebron, AZ",Administrative Assistant I
968,Amanda,Dunn,adunnqv@skyrock.com,Female,Vinder,"Longview, MA",Software Consultant
969,Pamela,Arnold,parnoldqw@issuu.com,Female,Livetube,"Emerson, MT",Systems Administrator II
970,Jonathan,Lane,jlaneqx@com.com,Male,Pixonyx,"North Knoxville, AL",Operator
971,Jerry,Hudson,jhudsonqy@blogspot.com,Male,Talane,"Momford Landing, IN",Automation Specialist III
972,Julie,Hayes,jhayesqz@zimbio.com,Female,Linkbridge,"Ipswich, IA",Payment Adjustment Coordinator
973,Bonnie,Scott,bscottr0@nytimes.com,Female,Kazio,"Storms, TX",Structural Engineer
974,Keith,Harrison,kharrisonr1@google.co.uk,Male,Zooveo,"Kalauao, SD",Design Engineer
975,Pamela,Richards,prichardsr2@home.pl,Female,Thoughtworks,"Farwell, FL",Structural Engineer
976,Randy,Green,rgreenr3@zimbio.com,Male,Tanoodle,"Brentwood Village, MT",Geological Engineer
977,Adam,Richardson,arichardsonr4@mayoclinic.com,Male,Twitterworks,"Wilhelm Park, MT",Financial Advisor
978,Kathy,Gonzales,kgonzalesr5@cmu.edu,Female,Tazz,"Bannister Acres, NC",
979,Antonio,Fowler,afowlerr6@geocities.com,Male,DabZ,"Bent Pine, VA",Accountant II
980,Jessica,Henry,jhenryr7@infoseek.co.jp,Female,Fivebridge,"Mitchell, AZ",Civil Engineer
981,Raymond,Morales,rmoralesr8@ihg.com,Male,Meevee,"Social Circle, MO",Budget/Accounting Analyst IV
982,Eugene,White,ewhiter9@ocn.ne.jp,Male,Viva,"Kreutzberg, NY",Biostatistician IV
983,Sarah,Barnes,sbarnesra@godaddy.com,Female,Feedspan,"Cimarron, WA",Director of Sales
984,Beverly,Meyer,bmeyerrb@posterous.com,Female,Mydo,"Brookhaven, DC",Accountant IV
985,Joyce,Edwards,jedwardsrc@pen.io,Female,Twiyo,"Montverde Junction, NJ",Senior Editor
986,Alan,James,ajamesrd@sogou.com,Male,Avamba,"Midland City, AK",Systems Administrator I
987,Russell,Anderson,randersonre@blogs.com,Male,Wordtune,"Sacramento, ME",Recruiting Manager
988,Antonio,Jackson,ajacksonrf@youtu.be,Male,Dabshots,"Del Rey Oaks, RI",Cost Accountant
989,Timothy,Ramirez,tramirezrg@homestead.com,Male,Viva,"Coal Creek, OK",VP Product Management
990,Michelle,Wood,mwoodrh@myspace.com,Female,Babbleopia,"Rabbitown, TN",Information Systems Manager
991,Adam,Jenkins,ajenkinsri@cbslocal.com,Male,Kwideo,"Fairland, GA",Compensation Analyst
992,Matthew,Hughes,mhughesrj@chron.com,Male,Wikizz,"Gaskil, DE",Web Developer II
993,Pamela,Moreno,pmorenork@cloudflare.com,Female,Avaveo,"Morgan Mill, OK",Database Administrator IV
994,Joyce,Gomez,jgomezrl@blogs.com,Female,Wordware,"Merrimac South, AL",Electrical Engineer
995,Angela,Butler,abutlerrm@house.gov,Female,Yakitri,"Stanardsville, NH",Senior Financial Analyst
996,Sharon,Perkins,sperkinsrn@digg.com,Female,Youspan,"Two Brooks, WI",Environmental Specialist
997,Jane,Wagner,jwagnerro@furl.net,Female,Fiveclub,"Curriers, NM",Speech Pathologist
998,Ronald,Dean,rdeanrp@prlog.org,Male,Bubbletube,"Skookumchuck, VA",Legal Assistant
999,Carlos,Henderson,chendersonrq@google.ca,Male,Ailane,"Edgerton, RI",Assistant Professor
1000,Diana,Frazier,dfrazierrr@businessweek.com,Female,Talane,"Slater, MO",Budget/Accounting Analyst IV
